{
    "traced_grid_list_of_inversion_from_0": 1.6193699836730957,
    "traced_sparse_grid_pg_list_from_0": 0.015644073486328125,
    "relocate_grid_via_border_0": 0.41204214096069336,
    "relocate_pixelization_grid_via_border_from_0": 0.0022940635681152344,
    "make_pixelization_grid_from_0": 8.821487426757812e-06,
    "pix_indexes_for_sub_slim_index_0": 0.051236867904663086,
    "pix_weights_for_sub_slim_index_0": 0.0004401206970214844,
    "data_unique_mappings_0": 0.00952911376953125,
    "data_vector_from_0": 0.016472816467285156,
    "curvature_matrix_diag_0": 0.45387721061706543,
    "curvature_matrix_0": 2.2172927856445312e-05,
    "curvature_matrix_1": 1.9550323486328125e-05,
    "regularization_matrix_0": 0.02140355110168457,
    "curvature_reg_matrix_0": 0.0004036426544189453,
    "curvature_reg_matrix_cholesky_0": 0.2112414836883545,
    "reconstruction_0": 0.041129350662231445,
    "mapped_reconstructed_data_of_mappers_from_0": 0.012843132019042969,
    "regularization_term_0": 0.004073619842529297,
    "log_det_curvature_reg_matrix_term_0": 0.0003726482391357422,
    "log_det_regularization_matrix_term_0": 0.05657362937927246,
    "figure_of_merit_0": 0.0014052391052246094
}