{
    "traced_grids_of_inversion_from_0": 1.06308913230896,
    "traced_sparse_grids_list_of_planes_from_0": 0.00720524787902832,
    "relocate_grid_via_border_0": 0.38295912742614746,
    "relocate_pixelization_grid_via_border_0": 0.002153635025024414,
    "make_pixelization_grid_0": 8.106231689453125e-06,
    "pixelization_index_for_sub_slim_index_0": 0.38587093353271484,
    "data_unique_mappings_0": 0.005609035491943359,
    "data_vector_from_0": 0.014785528182983398,
    "curvature_matrix_diag_0": 0.37460803985595703,
    "curvature_matrix_0": 2.574920654296875e-05,
    "curvature_matrix_1": 1.9550323486328125e-05,
    "regularization_matrix_0": 0.013266324996948242,
    "curvature_reg_matrix_0": 0.0003504753112792969,
    "curvature_reg_matrix_cholesky_0": 0.12467455863952637,
    "reconstruction_0": 0.03856396675109863,
    "mapped_reconstructed_data_of_mappers_from_0": 0.013028621673583984,
    "regularization_term_0": 0.001455545425415039,
    "log_det_curvature_reg_matrix_term_0": 0.0003731250762939453,
    "log_det_regularization_matrix_term_0": 0.05527019500732422,
    "figure_of_merit_0": 0.0017197132110595703
}