{
    "traced_grids_of_inversion_from_grid_0": 1.0147209167480469,
    "traced_sparse_grids_of_planes_from_grid_0": 0.0071337223052978516,
    "relocate_grid_via_border_0": 0.3643968105316162,
    "relocate_pixelization_grid_via_border_0": 0.0017540454864501953,
    "make_pixelization_grid_0": 2.288818359375e-05,
    "pixelization_index_for_sub_slim_index_0": 0.039700984954833984,
    "data_unique_mappings_0": 0.00515294075012207,
    "w_tilde_data_0": 0.013090372085571289,
    "data_vector_0": 0.0005645751953125,
    "curvature_matrix_0": 0.3216702938079834,
    "regularization_matrix_0": 0.01026010513305664,
    "curvature_reg_matrix_0": 0.00046753883361816406,
    "curvature_reg_matrix_cholesky_0": 0.11515307426452637,
    "reconstruction_0": 0.02060675621032715,
    "mapped_reconstructed_image_0": 0.012137651443481445,
    "regularization_term_0": 0.0028641223907470703,
    "log_det_curvature_reg_matrix_term_0": 0.0002727508544921875,
    "log_det_regularization_matrix_term_0": 0.037519216537475586,
    "figure_of_merit_0": 0.0011060237884521484
}