{
    "traced_grid_list_of_inversion_from_0": 1.5352935791015625,
    "traced_sparse_grid_pg_list_from_0": 0.014562129974365234,
    "relocated_grid_from_0": 0.35697507858276367,
    "relocated_pixelization_grid_from_0": 0.001752614974975586,
    "pixelization_grid_from_0": 7.152557373046875e-06,
    "pix_indexes_for_sub_slim_index_0": 0.03898930549621582,
    "pix_weights_for_sub_slim_index_0": 0.0003733634948730469,
    "data_unique_mappings_0": 0.007315397262573242,
    "data_vector_from_0": 0.013367176055908203,
    "curvature_matrix_diag_0": 0.31616783142089844,
    "curvature_matrix_0": 2.47955322265625e-05,
    "curvature_matrix_1": 2.1219253540039062e-05,
    "regularization_matrix_0": 0.012761354446411133,
    "curvature_reg_matrix_0": 0.0003418922424316406,
    "curvature_reg_matrix_cholesky_0": 0.09644746780395508,
    "reconstruction_0": 0.020308494567871094,
    "mapped_reconstructed_data_dict_from_0": 0.012139320373535156,
    "regularization_term_0": 0.001931905746459961,
    "log_det_curvature_reg_matrix_term_0": 0.0002675056457519531,
    "log_det_regularization_matrix_term_0": 0.03682708740234375,
    "figure_of_merit_0": 0.001153707504272461
}