{
    "traced_grid_list_of_inversion_from_0": 1.069847822189331,
    "traced_sparse_grid_pg_list_from_0": 0.006867408752441406,
    "relocate_grid_via_border_0": 0.36133265495300293,
    "relocate_pixelization_grid_via_border_from_0": 0.0016927719116210938,
    "make_pixelization_grid_from_0": 7.62939453125e-06,
    "pixelization_index_for_sub_slim_index_0": 0.0392611026763916,
    "data_unique_mappings_0": 0.005615711212158203,
    "data_vector_from_0": 0.0135345458984375,
    "curvature_matrix_diag_0": 0.32813453674316406,
    "curvature_matrix_0": 2.1696090698242188e-05,
    "curvature_matrix_1": 1.6927719116210938e-05,
    "regularization_matrix_0": 0.0087738037109375,
    "curvature_reg_matrix_0": 0.00034737586975097656,
    "curvature_reg_matrix_cholesky_0": 0.07194757461547852,
    "reconstruction_0": 0.02313971519470215,
    "mapped_reconstructed_data_of_mappers_from_0": 0.012520790100097656,
    "regularization_term_0": 0.0006134510040283203,
    "log_det_curvature_reg_matrix_term_0": 0.00028228759765625,
    "log_det_regularization_matrix_term_0": 0.03989076614379883,
    "figure_of_merit_0": 0.0012955665588378906
}