{
    "traced_grids_of_inversion_from_grid_0": 1.2386538982391357,
    "traced_sparse_grids_of_planes_from_grid_0": 0.00850534439086914,
    "relocate_grid_via_border_0": 0.41854310035705566,
    "relocate_pixelization_grid_via_border_0": 0.0023355484008789062,
    "make_pixelization_grid_0": 1.8596649169921875e-05,
    "pixelization_index_for_sub_slim_index_0": 0.0478816032409668,
    "data_unique_mappings_0": 0.005796670913696289,
    "w_tilde_data_0": 0.01419687271118164,
    "data_vector_0": 0.0007264614105224609,
    "curvature_matrix_0": 0.3934297561645508,
    "regularization_matrix_0": 0.013581037521362305,
    "curvature_reg_matrix_0": 0.00041794776916503906,
    "curvature_reg_matrix_cholesky_0": 0.1846911907196045,
    "reconstruction_0": 0.038289546966552734,
    "mapped_reconstructed_image_0": 0.012645721435546875,
    "regularization_term_0": 0.00392603874206543,
    "log_det_curvature_reg_matrix_term_0": 0.0003418922424316406,
    "log_det_regularization_matrix_term_0": 0.05292153358459473,
    "figure_of_merit_0": 0.0012850761413574219
}