{
    "traced_grid_list_of_inversion_from_0": 0.5996859073638916,
    "traced_sparse_grid_pg_list_from_0": 0.005034446716308594,
    "relocated_grid_from_0": 0.32942676544189453,
    "relocated_pixelization_grid_from_0": 0.001922607421875,
    "pixelization_grid_from_0": 1.0013580322265625e-05,
    "pix_sub_weights_0": 0.04121851921081543,
    "data_unique_mappings_0": 0.00762939453125,
    "data_vector_from_0": 0.013741731643676758,
    "curvature_matrix_diag_0": 0.3345773220062256,
    "curvature_matrix_0": 2.5510787963867188e-05,
    "curvature_matrix_1": 1.9311904907226562e-05,
    "regularization_matrix_0": 0.01935410499572754,
    "curvature_reg_matrix_0": 0.008748769760131836,
    "curvature_reg_matrix_cholesky_0": 0.1086893081665039,
    "reconstruction_0": 0.03485846519470215,
    "mapped_reconstructed_data_dict_from_0": 0.012692928314208984,
    "regularization_term_0": 0.0017316341400146484,
    "log_det_curvature_reg_matrix_term_0": 0.0003170967102050781,
    "log_det_regularization_matrix_term_0": 0.04830050468444824,
    "figure_of_merit_0": 0.0012142658233642578
}