{
    "sparse_image_plane_grids_of_planes_from_grid_0": 4.856899738311768,
    "relocate_grid_via_border_0": 3.5762786865234375e-06,
    "relocate_pixelization_grid_via_border_0": 0.0021712779998779297,
    "make_pixelization_grid_0": 7.152557373046875e-06,
    "pixelization_index_for_sub_slim_index_0": 0.04672694206237793,
    "data_unique_mappings_0": 0.005949974060058594,
    "w_tilde_data_0": 0.015711545944213867,
    "data_vector_0": 0.0005717277526855469,
    "curvature_matrix_0": 0.3646681308746338,
    "regularization_matrix_0": 0.010896444320678711,
    "curvature_reg_matrix_0": 0.00034236907958984375,
    "curvature_reg_matrix_cholesky_0": 0.08665013313293457,
    "reconstruction_0": 0.03867483139038086,
    "mapped_reconstructed_image_0": 0.029089689254760742,
    "regularization_term_0": 0.0007376670837402344,
    "log_det_curvature_reg_matrix_term_0": 0.0005581378936767578,
    "log_det_regularization_matrix_term_0": 0.13264989852905273,
    "figure_of_merit_0": 0.0013930797576904297
}