{
    "traced_grids_of_inversion_from_grid_0": 1.2751176357269287,
    "traced_sparse_grids_of_planes_from_grid_0": 0.008863687515258789,
    "relocate_grid_via_border_0": 0.4282948970794678,
    "relocate_pixelization_grid_via_border_0": 0.002342700958251953,
    "make_pixelization_grid_0": 8.821487426757812e-06,
    "pixelization_index_for_sub_slim_index_0": 0.048714637756347656,
    "data_unique_mappings_0": 0.006237030029296875,
    "w_tilde_data_0": 0.015107870101928711,
    "data_vector_0": 0.0007922649383544922,
    "curvature_matrix_0": 0.4053924083709717,
    "regularization_matrix_0": 0.012727022171020508,
    "curvature_reg_matrix_0": 0.0003840923309326172,
    "curvature_reg_matrix_cholesky_0": 0.17964816093444824,
    "reconstruction_0": 0.03755307197570801,
    "mapped_reconstructed_image_0": 0.012625694274902344,
    "regularization_term_0": 0.003927469253540039,
    "log_det_curvature_reg_matrix_term_0": 0.0003466606140136719,
    "log_det_regularization_matrix_term_0": 0.0507044792175293,
    "figure_of_merit_0": 0.0013723373413085938
}