{
    "traced_grids_of_inversion_from_0": 0.6513803005218506,
    "traced_sparse_grids_list_of_planes_from_0": 0.004904270172119141,
    "relocate_grid_via_border_0": 0.33537840843200684,
    "relocate_pixelization_grid_via_border_0": 0.0016672611236572266,
    "make_pixelization_grid_0": 6.67572021484375e-06,
    "pixelization_index_for_sub_slim_index_0": 0.03843331336975098,
    "data_unique_mappings_0": 0.0051419734954833984,
    "data_vector_from_0": 0.013593196868896484,
    "curvature_matrix_diag_0": 0.30469799041748047,
    "curvature_matrix_0": 2.5033950805664062e-05,
    "curvature_matrix_1": 2.2172927856445312e-05,
    "regularization_matrix_0": 0.011160135269165039,
    "curvature_reg_matrix_0": 0.00033020973205566406,
    "curvature_reg_matrix_cholesky_0": 0.08026671409606934,
    "reconstruction_0": 0.021576642990112305,
    "mapped_reconstructed_data_of_mappers_from_0": 0.012617111206054688,
    "regularization_term_0": 0.0010423660278320312,
    "log_det_curvature_reg_matrix_term_0": 0.0002536773681640625,
    "log_det_regularization_matrix_term_0": 0.038781166076660156,
    "figure_of_merit_0": 0.0011837482452392578
}