{
    "traced_grid_list_of_inversion_from_0": 1.7903437614440918,
    "traced_sparse_grid_pg_list_from_0": 0.016770601272583008,
    "relocate_grid_via_border_0": 0.3522763252258301,
    "relocate_pixelization_grid_via_border_from_0": 0.0019371509552001953,
    "make_pixelization_grid_from_0": 1.0251998901367188e-05,
    "pixelization_index_for_sub_slim_index_0": 0.041623830795288086,
    "data_unique_mappings_0": 0.005398273468017578,
    "data_vector_from_0": 0.013817071914672852,
    "curvature_matrix_diag_0": 0.3421492576599121,
    "curvature_matrix_0": 2.6702880859375e-05,
    "curvature_matrix_1": 1.7642974853515625e-05,
    "regularization_matrix_0": 0.014127731323242188,
    "curvature_reg_matrix_0": 0.00040721893310546875,
    "curvature_reg_matrix_cholesky_0": 0.1546332836151123,
    "reconstruction_0": 0.03372502326965332,
    "mapped_reconstructed_data_of_mappers_from_0": 0.01252293586730957,
    "regularization_term_0": 0.0039615631103515625,
    "log_det_curvature_reg_matrix_term_0": 0.0003218650817871094,
    "log_det_regularization_matrix_term_0": 0.04570341110229492,
    "figure_of_merit_0": 0.001100301742553711
}