{
    "traced_grids_of_inversion_from_grid_0": 0.6920261383056641,
    "traced_sparse_grids_of_planes_from_grid_0": 0.005230903625488281,
    "relocate_grid_via_border_0": 0.3820943832397461,
    "relocate_pixelization_grid_via_border_0": 0.0018630027770996094,
    "make_pixelization_grid_0": 8.821487426757812e-06,
    "pixelization_index_for_sub_slim_index_0": 0.042981863021850586,
    "data_unique_mappings_0": 0.0057942867279052734,
    "w_tilde_data_0": 0.014204978942871094,
    "data_vector_0": 0.0007333755493164062,
    "curvature_matrix_0": 0.36797356605529785,
    "regularization_matrix_0": 0.00863957405090332,
    "curvature_reg_matrix_0": 0.00037479400634765625,
    "curvature_reg_matrix_cholesky_0": 0.08646798133850098,
    "reconstruction_0": 0.021226882934570312,
    "mapped_reconstructed_image_0": 0.012397289276123047,
    "regularization_term_0": 0.0010380744934082031,
    "log_det_curvature_reg_matrix_term_0": 0.0002777576446533203,
    "log_det_regularization_matrix_term_0": 0.03979945182800293,
    "figure_of_merit_0": 0.0012505054473876953
}