{"log_evidence": 77424.83836070765, "total_samples": 653072, "unconverged_sample_size": 1, "time": "15:14:43.542726", "number_live_points": 250}