{
    "traced_grids_of_inversion_from_grid_0": 0.985715389251709,
    "traced_sparse_grids_of_planes_from_grid_0": 0.007529258728027344,
    "relocate_grid_via_border_0": 0.38820314407348633,
    "relocate_pixelization_grid_via_border_0": 0.002119302749633789,
    "make_pixelization_grid_0": 8.58306884765625e-06,
    "pixelization_index_for_sub_slim_index_0": 0.04047274589538574,
    "data_unique_mappings_0": 0.005289793014526367,
    "w_tilde_data_0": 0.012893915176391602,
    "data_vector_0": 0.0004971027374267578,
    "curvature_matrix_0": 0.332409143447876,
    "regularization_matrix_0": 0.013087272644042969,
    "curvature_reg_matrix_0": 0.0003910064697265625,
    "curvature_reg_matrix_cholesky_0": 0.15113592147827148,
    "reconstruction_0": 0.03217315673828125,
    "mapped_reconstructed_image_0": 0.011822223663330078,
    "regularization_term_0": 0.0036830902099609375,
    "log_det_curvature_reg_matrix_term_0": 0.00029778480529785156,
    "log_det_regularization_matrix_term_0": 0.04526042938232422,
    "figure_of_merit_0": 0.001102447509765625
}