{
    "traced_grid_list_of_inversion_from_0": 1.3925116062164307,
    "traced_sparse_grid_pg_list_from_0": 0.01483154296875,
    "relocate_grid_via_border_0": 0.37890100479125977,
    "relocate_pixelization_grid_via_border_from_0": 0.0019116401672363281,
    "make_pixelization_grid_from_0": 7.62939453125e-06,
    "pixelization_index_for_sub_slim_index_0": 0.04592013359069824,
    "data_unique_mappings_0": 0.005983829498291016,
    "data_vector_from_0": 0.0162050724029541,
    "curvature_matrix_diag_0": 0.36516690254211426,
    "curvature_matrix_0": 1.6689300537109375e-05,
    "curvature_matrix_1": 1.5497207641601562e-05,
    "regularization_matrix_0": 0.010867595672607422,
    "curvature_reg_matrix_0": 0.0003237724304199219,
    "curvature_reg_matrix_cholesky_0": 0.14538335800170898,
    "reconstruction_0": 0.022959470748901367,
    "mapped_reconstructed_data_of_mappers_from_0": 0.013020753860473633,
    "regularization_term_0": 0.002874612808227539,
    "log_det_curvature_reg_matrix_term_0": 0.00030422210693359375,
    "log_det_regularization_matrix_term_0": 0.044589996337890625,
    "figure_of_merit_0": 0.0013737678527832031
}