{
    "traced_grids_of_inversion_from_grid_0": 1.267611026763916,
    "traced_sparse_grids_of_planes_from_grid_0": 0.008102178573608398,
    "relocate_grid_via_border_0": 0.3887476921081543,
    "relocate_pixelization_grid_via_border_0": 0.00205230712890625,
    "make_pixelization_grid_0": 1.1205673217773438e-05,
    "pixelization_index_for_sub_slim_index_0": 0.04477405548095703,
    "data_unique_mappings_0": 0.006272554397583008,
    "w_tilde_data_0": 0.014501571655273438,
    "data_vector_0": 0.000797271728515625,
    "curvature_matrix_0": 0.38583874702453613,
    "regularization_matrix_0": 0.009560823440551758,
    "curvature_reg_matrix_0": 0.0004267692565917969,
    "curvature_reg_matrix_cholesky_0": 0.14407038688659668,
    "reconstruction_0": 0.024954795837402344,
    "mapped_reconstructed_image_0": 0.012829780578613281,
    "regularization_term_0": 0.003032207489013672,
    "log_det_curvature_reg_matrix_term_0": 0.0003058910369873047,
    "log_det_regularization_matrix_term_0": 0.041294097900390625,
    "figure_of_merit_0": 0.0013821125030517578
}