{
    "traced_grid_list_of_inversion_from_0": 0.6567673683166504,
    "traced_sparse_grid_pg_list_from_0": 0.0050280094146728516,
    "relocated_grid_from_0": 0.35098814964294434,
    "relocated_pixelization_grid_from_0": 0.0018312931060791016,
    "pixelization_grid_from_0": 1.1444091796875e-05,
    "pix_sub_weights_0": 0.04403352737426758,
    "data_unique_mappings_0": 0.008181095123291016,
    "data_vector_from_0": 0.014899969100952148,
    "curvature_matrix_diag_0": 0.34891843795776367,
    "curvature_matrix_0": 2.0265579223632812e-05,
    "curvature_matrix_1": 1.621246337890625e-05,
    "regularization_matrix_0": 0.016057491302490234,
    "curvature_reg_matrix_0": 0.006875276565551758,
    "curvature_reg_matrix_cholesky_0": 0.08821773529052734,
    "reconstruction_0": 0.021687030792236328,
    "mapped_reconstructed_data_dict_from_0": 0.012807130813598633,
    "regularization_term_0": 0.001260519027709961,
    "log_det_curvature_reg_matrix_term_0": 0.00026226043701171875,
    "log_det_regularization_matrix_term_0": 0.039690494537353516,
    "figure_of_merit_0": 0.0012066364288330078
}