{
    "traced_grids_of_inversion_from_0": 0.6034812927246094,
    "traced_sparse_grids_list_of_planes_from_0": 0.00484013557434082,
    "relocate_grid_via_border_0": 0.38004422187805176,
    "relocate_pixelization_grid_via_border_0": 0.0021555423736572266,
    "make_pixelization_grid_0": 8.58306884765625e-06,
    "pixelization_index_for_sub_slim_index_0": 0.04543876647949219,
    "data_unique_mappings_0": 0.005823850631713867,
    "data_vector_from_0": 0.01470947265625,
    "curvature_matrix_diag_0": 0.3978595733642578,
    "curvature_matrix_0": 2.47955322265625e-05,
    "curvature_matrix_1": 1.621246337890625e-05,
    "regularization_matrix_0": 0.013493537902832031,
    "curvature_reg_matrix_0": 0.0004024505615234375,
    "curvature_reg_matrix_cholesky_0": 0.12555551528930664,
    "reconstruction_0": 0.0379939079284668,
    "mapped_reconstructed_data_of_mappers_from_0": 0.012608051300048828,
    "regularization_term_0": 0.0013992786407470703,
    "log_det_curvature_reg_matrix_term_0": 0.00032973289489746094,
    "log_det_regularization_matrix_term_0": 0.05095338821411133,
    "figure_of_merit_0": 0.0012602806091308594
}