{
    "image_2d_from_grid_0": 0.021541118621826172,
    "image_2d_from_grid_1": 0.08603668212890625,
    "image_2d_from_grid_2": 0.01654958724975586,
    "image_2d_from_grid_3": 0.0031213760375976562,
    "image_2d_from_grid_4": 0.0034401416778564453,
    "convolve_via_convolver_0": 0.012367486953735352,
    "w_tilde_data_0": 0.013825416564941406,
    "data_vector_0": 0.0007464885711669922,
    "curvature_matrix_0": 0.4047360420227051,
    "regularization_matrix_0": 4.76837158203125e-06,
    "curvature_reg_matrix_0": 0.00047659873962402344,
    "curvature_reg_matrix_cholesky_0": 0.14835667610168457,
    "reconstruction_0": 0.036962032318115234,
    "mapped_reconstructed_image_0": 0.012113332748413086,
    "regularization_term_0": 0.0020325183868408203,
    "log_det_curvature_reg_matrix_term_0": 0.0003306865692138672,
    "log_det_regularization_matrix_term_0": 2.6226043701171875e-06,
    "figure_of_merit_0": 0.0012087821960449219
}