{
    "traced_grids_of_inversion_from_grid_0": 1.2527358531951904,
    "traced_sparse_grids_of_planes_from_grid_0": 0.008574485778808594,
    "relocate_grid_via_border_0": 0.4014275074005127,
    "relocate_pixelization_grid_via_border_0": 0.0022270679473876953,
    "make_pixelization_grid_0": 2.288818359375e-05,
    "pixelization_index_for_sub_slim_index_0": 0.04616189002990723,
    "data_unique_mappings_0": 0.006154537200927734,
    "w_tilde_data_0": 0.014398574829101562,
    "data_vector_0": 0.0007462501525878906,
    "curvature_matrix_0": 0.40281105041503906,
    "regularization_matrix_0": 0.012720108032226562,
    "curvature_reg_matrix_0": 0.0004100799560546875,
    "curvature_reg_matrix_cholesky_0": 0.17983603477478027,
    "reconstruction_0": 0.03778362274169922,
    "mapped_reconstructed_image_0": 0.012547492980957031,
    "regularization_term_0": 0.003892183303833008,
    "log_det_curvature_reg_matrix_term_0": 0.0003523826599121094,
    "log_det_regularization_matrix_term_0": 0.05129551887512207,
    "figure_of_merit_0": 0.0013031959533691406
}