{
    "traced_grid_list_of_inversion_from_0": 1.7489516735076904,
    "traced_sparse_grid_pg_list_from_0": 0.015566110610961914,
    "relocate_grid_via_border_0": 0.3223443031311035,
    "relocate_pixelization_grid_via_border_from_0": 0.0015995502471923828,
    "make_pixelization_grid_from_0": 6.67572021484375e-06,
    "pix_indexes_for_sub_slim_index_0": 0.03879666328430176,
    "pix_weights_for_sub_slim_index_0": 0.0005028247833251953,
    "data_unique_mappings_0": 0.007371425628662109,
    "data_vector_from_0": 0.013584375381469727,
    "curvature_matrix_diag_0": 0.30711817741394043,
    "curvature_matrix_0": 2.09808349609375e-05,
    "curvature_matrix_1": 1.7881393432617188e-05,
    "regularization_matrix_0": 0.01849961280822754,
    "curvature_reg_matrix_0": 0.0003528594970703125,
    "curvature_reg_matrix_cholesky_0": 0.1151590347290039,
    "reconstruction_0": 0.02128148078918457,
    "mapped_reconstructed_data_of_mappers_from_0": 0.012555360794067383,
    "regularization_term_0": 0.003009796142578125,
    "log_det_curvature_reg_matrix_term_0": 0.00024390220642089844,
    "log_det_regularization_matrix_term_0": 0.036632537841796875,
    "figure_of_merit_0": 0.0010890960693359375
}