{
    "traced_grids_of_inversion_from_0": 0.5989153385162354,
    "traced_sparse_grids_list_of_planes_from_0": 0.004961490631103516,
    "relocate_grid_via_border_0": 0.36722278594970703,
    "relocate_pixelization_grid_via_border_0": 0.0019690990447998047,
    "make_pixelization_grid_0": 1.1205673217773438e-05,
    "pixelization_index_for_sub_slim_index_0": 0.04224228858947754,
    "data_unique_mappings_0": 0.005722999572753906,
    "data_vector_from_0": 0.013679981231689453,
    "curvature_matrix_diag_0": 0.3778223991394043,
    "curvature_matrix_0": 3.147125244140625e-05,
    "curvature_matrix_1": 1.811981201171875e-05,
    "regularization_matrix_0": 0.013491153717041016,
    "curvature_reg_matrix_0": 0.00040912628173828125,
    "curvature_reg_matrix_cholesky_0": 0.13483285903930664,
    "reconstruction_0": 0.03852200508117676,
    "mapped_reconstructed_data_of_mappers_from_0": 0.012776613235473633,
    "regularization_term_0": 0.0018353462219238281,
    "log_det_curvature_reg_matrix_term_0": 0.0003170967102050781,
    "log_det_regularization_matrix_term_0": 0.05038189888000488,
    "figure_of_merit_0": 0.001210927963256836
}