{
    "traced_grids_of_inversion_from_grid_0": 1.2031526565551758,
    "traced_sparse_grids_of_planes_from_grid_0": 0.0077931880950927734,
    "relocate_grid_via_border_0": 0.3900268077850342,
    "relocate_pixelization_grid_via_border_0": 0.0019352436065673828,
    "make_pixelization_grid_0": 9.059906005859375e-06,
    "pixelization_index_for_sub_slim_index_0": 0.04407358169555664,
    "data_unique_mappings_0": 0.006031036376953125,
    "w_tilde_data_0": 0.014224052429199219,
    "data_vector_0": 0.0007851123809814453,
    "curvature_matrix_0": 0.382906436920166,
    "regularization_matrix_0": 0.010512113571166992,
    "curvature_reg_matrix_0": 0.0005090236663818359,
    "curvature_reg_matrix_cholesky_0": 0.13683509826660156,
    "reconstruction_0": 0.02413344383239746,
    "mapped_reconstructed_image_0": 0.012552499771118164,
    "regularization_term_0": 0.0029921531677246094,
    "log_det_curvature_reg_matrix_term_0": 0.0003008842468261719,
    "log_det_regularization_matrix_term_0": 0.040172576904296875,
    "figure_of_merit_0": 0.0013096332550048828
}