{
    "traced_grids_of_inversion_from_grid_0": 1.1465263366699219,
    "traced_sparse_grids_of_planes_from_grid_0": 0.008266925811767578,
    "relocate_grid_via_border_0": 0.3810245990753174,
    "relocate_pixelization_grid_via_border_0": 0.0021529197692871094,
    "make_pixelization_grid_0": 1.049041748046875e-05,
    "pixelization_index_for_sub_slim_index_0": 0.04447031021118164,
    "data_unique_mappings_0": 0.005772590637207031,
    "w_tilde_data_0": 0.013901710510253906,
    "data_vector_0": 0.0007560253143310547,
    "curvature_matrix_0": 0.37740373611450195,
    "regularization_matrix_0": 0.01374197006225586,
    "curvature_reg_matrix_0": 0.0003814697265625,
    "curvature_reg_matrix_cholesky_0": 0.1692190170288086,
    "reconstruction_0": 0.03605937957763672,
    "mapped_reconstructed_image_0": 0.012302398681640625,
    "regularization_term_0": 0.0038230419158935547,
    "log_det_curvature_reg_matrix_term_0": 0.0003039836883544922,
    "log_det_regularization_matrix_term_0": 0.04895424842834473,
    "figure_of_merit_0": 0.0012664794921875
}