{
    "traced_grid_list_of_inversion_from_0": 1.0909337997436523,
    "traced_sparse_grid_pg_list_from_0": 0.008249044418334961,
    "relocate_grid_via_border_0": 0.3990824222564697,
    "relocate_pixelization_grid_via_border_from_0": 0.002213001251220703,
    "make_pixelization_grid_from_0": 9.5367431640625e-06,
    "pix_indexes_for_sub_slim_index_0": 0.03937959671020508,
    "pix_weights_for_sub_slim_index_0": 0.0004687309265136719,
    "data_unique_mappings_0": 0.007395744323730469,
    "data_vector_from_0": 0.014218807220458984,
    "curvature_matrix_diag_0": 0.30935192108154297,
    "curvature_matrix_0": 2.288818359375e-05,
    "curvature_matrix_1": 1.8835067749023438e-05,
    "regularization_matrix_0": 0.01905035972595215,
    "curvature_reg_matrix_0": 0.0003638267517089844,
    "curvature_reg_matrix_cholesky_0": 0.08592653274536133,
    "reconstruction_0": 0.03865647315979004,
    "mapped_reconstructed_data_of_mappers_from_0": 0.012615442276000977,
    "regularization_term_0": 0.0008029937744140625,
    "log_det_curvature_reg_matrix_term_0": 0.0003256797790527344,
    "log_det_regularization_matrix_term_0": 0.05401301383972168,
    "figure_of_merit_0": 0.0013680458068847656
}