{
    "traced_grid_list_of_inversion_from_0": 1.4452002048492432,
    "traced_sparse_grid_pg_list_from_0": 0.014990806579589844,
    "relocate_grid_via_border_0": 0.38671875,
    "relocate_pixelization_grid_via_border_from_0": 0.0019483566284179688,
    "make_pixelization_grid_from_0": 8.821487426757812e-06,
    "pix_indexes_for_sub_slim_index_0": 0.047798871994018555,
    "pix_weights_for_sub_slim_index_0": 0.00047469139099121094,
    "data_unique_mappings_0": 0.009094953536987305,
    "data_vector_from_0": 0.016559123992919922,
    "curvature_matrix_diag_0": 0.4102957248687744,
    "curvature_matrix_0": 1.9311904907226562e-05,
    "curvature_matrix_1": 1.8358230590820312e-05,
    "regularization_matrix_0": 0.017342090606689453,
    "curvature_reg_matrix_0": 0.00035500526428222656,
    "curvature_reg_matrix_cholesky_0": 0.15824031829833984,
    "reconstruction_0": 0.024527549743652344,
    "mapped_reconstructed_data_of_mappers_from_0": 0.012900352478027344,
    "regularization_term_0": 0.003025531768798828,
    "log_det_curvature_reg_matrix_term_0": 0.0003218650817871094,
    "log_det_regularization_matrix_term_0": 0.04488253593444824,
    "figure_of_merit_0": 0.0014264583587646484
}