{
    "sparse_image_plane_grids_of_planes_from_grid_0": 5.67997932434082,
    "relocate_grid_via_border_0": 2.86102294921875e-06,
    "relocate_pixelization_grid_via_border_0": 0.0023200511932373047,
    "make_pixelization_grid_0": 9.059906005859375e-06,
    "pixelization_index_for_sub_slim_index_0": 0.04852437973022461,
    "data_unique_mappings_0": 0.006074428558349609,
    "w_tilde_data_0": 0.01560664176940918,
    "data_vector_0": 0.0005686283111572266,
    "curvature_matrix_0": 0.40053510665893555,
    "regularization_matrix_0": 0.013300657272338867,
    "curvature_reg_matrix_0": 0.0003840923309326172,
    "curvature_reg_matrix_cholesky_0": 0.1124718189239502,
    "reconstruction_0": 0.06448221206665039,
    "mapped_reconstructed_image_0": 0.012480735778808594,
    "regularization_term_0": 0.0009999275207519531,
    "log_det_curvature_reg_matrix_term_0": 0.0006310939788818359,
    "log_det_regularization_matrix_term_0": 0.1438295841217041,
    "figure_of_merit_0": 0.0013844966888427734
}