{
    "traced_grid_list_of_inversion_from_0": 0.5459342002868652,
    "traced_sparse_grid_pg_list_from_0": 0.004422426223754883,
    "relocate_grid_via_border_0": 0.3518044948577881,
    "relocate_pixelization_grid_via_border_from_0": 0.0019774436950683594,
    "make_pixelization_grid_from_0": 9.5367431640625e-06,
    "pixelization_index_for_sub_slim_index_0": 0.041652679443359375,
    "data_unique_mappings_0": 0.005263805389404297,
    "data_vector_from_0": 0.013293743133544922,
    "curvature_matrix_diag_0": 0.3455681800842285,
    "curvature_matrix_0": 2.288818359375e-05,
    "curvature_matrix_1": 1.7881393432617188e-05,
    "regularization_matrix_0": 0.013216733932495117,
    "curvature_reg_matrix_0": 0.000392913818359375,
    "curvature_reg_matrix_cholesky_0": 0.10758686065673828,
    "reconstruction_0": 0.03362631797790527,
    "mapped_reconstructed_data_of_mappers_from_0": 0.011374950408935547,
    "regularization_term_0": 0.0017583370208740234,
    "log_det_curvature_reg_matrix_term_0": 0.000308990478515625,
    "log_det_regularization_matrix_term_0": 0.04683732986450195,
    "figure_of_merit_0": 0.0011360645294189453
}