{
    "traced_grid_list_of_inversion_from_0": 1.2302992343902588,
    "traced_sparse_grid_pg_list_from_0": 0.00765681266784668,
    "relocated_grid_from_0": 0.3964364528656006,
    "relocated_pixelization_grid_from_0": 0.0019431114196777344,
    "pixelization_grid_from_0": 1.33514404296875e-05,
    "pix_sub_weights_0": 0.04525566101074219,
    "data_unique_mappings_0": 0.008741617202758789,
    "data_vector_from_0": 0.015201330184936523,
    "curvature_matrix_diag_0": 0.3783683776855469,
    "curvature_matrix_0": 2.8371810913085938e-05,
    "curvature_matrix_1": 2.3365020751953125e-05,
    "regularization_matrix_0": 0.017084598541259766,
    "curvature_reg_matrix_0": 0.008761882781982422,
    "curvature_reg_matrix_cholesky_0": 0.09681391716003418,
    "reconstruction_0": 0.02491140365600586,
    "mapped_reconstructed_data_dict_from_0": 0.016976356506347656,
    "regularization_term_0": 0.0014643669128417969,
    "log_det_curvature_reg_matrix_term_0": 0.00028705596923828125,
    "log_det_regularization_matrix_term_0": 0.03980660438537598,
    "figure_of_merit_0": 0.0013065338134765625
}