{
    "traced_grid_list_of_inversion_from_0": 1.5821247100830078,
    "traced_sparse_grid_pg_list_from_0": 0.015828371047973633,
    "relocated_grid_from_0": 0.35794806480407715,
    "relocated_pixelization_grid_from_0": 0.0017914772033691406,
    "pixelization_grid_from_0": 1.0728836059570312e-05,
    "pix_sub_weights_0": 0.04224967956542969,
    "data_unique_mappings_0": 0.007590532302856445,
    "data_vector_from_0": 0.014275312423706055,
    "curvature_matrix_diag_0": 0.3340260982513428,
    "curvature_matrix_0": 2.3365020751953125e-05,
    "curvature_matrix_1": 1.9311904907226562e-05,
    "regularization_matrix_0": 0.017246723175048828,
    "curvature_reg_matrix_0": 0.006162881851196289,
    "curvature_reg_matrix_cholesky_0": 0.09475231170654297,
    "reconstruction_0": 0.0204010009765625,
    "mapped_reconstructed_data_dict_from_0": 0.012369394302368164,
    "regularization_term_0": 0.0014660358428955078,
    "log_det_curvature_reg_matrix_term_0": 0.0002818107604980469,
    "log_det_regularization_matrix_term_0": 0.03949928283691406,
    "figure_of_merit_0": 0.0012049674987792969
}