{
    "traced_grids_of_inversion_from_0": 1.1007940769195557,
    "traced_sparse_grids_list_of_planes_from_0": 0.007269620895385742,
    "relocate_grid_via_border_0": 0.3712606430053711,
    "relocate_pixelization_grid_via_border_0": 0.0019114017486572266,
    "make_pixelization_grid_0": 8.821487426757812e-06,
    "pixelization_index_for_sub_slim_index_0": 0.04344344139099121,
    "data_unique_mappings_0": 0.006049394607543945,
    "data_vector_from_0": 0.01483774185180664,
    "curvature_matrix_diag_0": 0.3531522750854492,
    "curvature_matrix_0": 2.0503997802734375e-05,
    "curvature_matrix_1": 1.71661376953125e-05,
    "regularization_matrix_0": 0.006285667419433594,
    "curvature_reg_matrix_0": 0.00032329559326171875,
    "curvature_reg_matrix_cholesky_0": 0.0894615650177002,
    "reconstruction_0": 0.024709224700927734,
    "mapped_reconstructed_data_of_mappers_from_0": 0.012750625610351562,
    "regularization_term_0": 0.0010330677032470703,
    "log_det_curvature_reg_matrix_term_0": 0.0002684593200683594,
    "log_det_regularization_matrix_term_0": 0.04006385803222656,
    "figure_of_merit_0": 0.0013022422790527344
}