{
    "traced_grid_list_of_inversion_from_0": 0.5460515022277832,
    "traced_sparse_grid_pg_list_from_0": 0.004505157470703125,
    "relocate_grid_via_border_0": 0.3509395122528076,
    "relocate_pixelization_grid_via_border_from_0": 0.001956462860107422,
    "make_pixelization_grid_from_0": 7.867813110351562e-06,
    "pixelization_index_for_sub_slim_index_0": 0.04187917709350586,
    "data_unique_mappings_0": 0.005384922027587891,
    "data_vector_from_0": 0.013431549072265625,
    "curvature_matrix_diag_0": 0.35058093070983887,
    "curvature_matrix_0": 2.7894973754882812e-05,
    "curvature_matrix_1": 1.621246337890625e-05,
    "regularization_matrix_0": 0.012601852416992188,
    "curvature_reg_matrix_0": 0.00039768218994140625,
    "curvature_reg_matrix_cholesky_0": 0.11056780815124512,
    "reconstruction_0": 0.03309011459350586,
    "mapped_reconstructed_data_of_mappers_from_0": 0.01150822639465332,
    "regularization_term_0": 0.0017626285552978516,
    "log_det_curvature_reg_matrix_term_0": 0.0003323554992675781,
    "log_det_regularization_matrix_term_0": 0.047136545181274414,
    "figure_of_merit_0": 0.0012149810791015625
}