{
    "traced_grids_of_inversion_from_grid_0": 1.4606413841247559,
    "traced_sparse_grids_of_planes_from_grid_0": 0.008733272552490234,
    "relocate_grid_via_border_0": 0.44599342346191406,
    "relocate_pixelization_grid_via_border_0": 0.002237081527709961,
    "make_pixelization_grid_0": 1.049041748046875e-05,
    "pixelization_index_for_sub_slim_index_0": 0.051622629165649414,
    "data_unique_mappings_0": 0.00805354118347168,
    "w_tilde_data_0": 0.0160825252532959,
    "data_vector_0": 0.0013689994812011719,
    "curvature_matrix_0": 0.4779515266418457,
    "regularization_matrix_0": 0.0104827880859375,
    "curvature_reg_matrix_0": 0.0005145072937011719,
    "curvature_reg_matrix_cholesky_0": 0.17437434196472168,
    "reconstruction_0": 0.03252720832824707,
    "mapped_reconstructed_image_0": 0.014936447143554688,
    "regularization_term_0": 0.0042917728424072266,
    "log_det_curvature_reg_matrix_term_0": 0.0004856586456298828,
    "log_det_regularization_matrix_term_0": 0.048636436462402344,
    "figure_of_merit_0": 0.0016040802001953125
}