{
    "traced_grids_of_inversion_from_grid_0": 1.3202316761016846,
    "traced_sparse_grids_of_planes_from_grid_0": 0.009307861328125,
    "relocate_grid_via_border_0": 0.4224531650543213,
    "relocate_pixelization_grid_via_border_0": 0.0023450851440429688,
    "make_pixelization_grid_0": 1.0013580322265625e-05,
    "pixelization_index_for_sub_slim_index_0": 0.04985666275024414,
    "data_unique_mappings_0": 0.006551027297973633,
    "w_tilde_data_0": 0.015225887298583984,
    "data_vector_0": 0.0008053779602050781,
    "curvature_matrix_0": 0.44828009605407715,
    "regularization_matrix_0": 0.013302326202392578,
    "curvature_reg_matrix_0": 0.00040602684020996094,
    "curvature_reg_matrix_cholesky_0": 0.20229864120483398,
    "reconstruction_0": 0.037421226501464844,
    "mapped_reconstructed_image_0": 0.012969017028808594,
    "regularization_term_0": 0.004093647003173828,
    "log_det_curvature_reg_matrix_term_0": 0.00038313865661621094,
    "log_det_regularization_matrix_term_0": 0.05511736869812012,
    "figure_of_merit_0": 0.001325368881225586
}