{"log_evidence": 118209.2745568568, "total_samples": 718562, "unconverged_sample_size": 1, "time": "22:22:26.328881", "number_live_points": 250}