{
    "traced_grid_list_of_inversion_from_0": 1.3347642421722412,
    "traced_sparse_grid_pg_list_from_0": 0.013414144515991211,
    "relocate_grid_via_border_0": 0.35334229469299316,
    "relocate_pixelization_grid_via_border_from_0": 0.001821756362915039,
    "make_pixelization_grid_from_0": 6.198883056640625e-06,
    "pix_indexes_for_sub_slim_index_0": 0.041071414947509766,
    "pix_weights_for_sub_slim_index_0": 0.00042724609375,
    "data_unique_mappings_0": 0.0076596736907958984,
    "data_vector_from_0": 0.01442861557006836,
    "curvature_matrix_diag_0": 0.32750892639160156,
    "curvature_matrix_0": 2.1219253540039062e-05,
    "curvature_matrix_1": 1.71661376953125e-05,
    "regularization_matrix_0": 0.016395092010498047,
    "curvature_reg_matrix_0": 0.00035190582275390625,
    "curvature_reg_matrix_cholesky_0": 0.11981463432312012,
    "reconstruction_0": 0.020299673080444336,
    "mapped_reconstructed_data_of_mappers_from_0": 0.011905193328857422,
    "regularization_term_0": 0.002861499786376953,
    "log_det_curvature_reg_matrix_term_0": 0.00027632713317871094,
    "log_det_regularization_matrix_term_0": 0.03831171989440918,
    "figure_of_merit_0": 0.0011501312255859375
}