{
    "traced_grid_list_of_inversion_from_0": 1.5543677806854248,
    "traced_sparse_grid_pg_list_from_0": 0.013568401336669922,
    "relocate_grid_via_border_0": 0.38098740577697754,
    "relocate_pixelization_grid_via_border_from_0": 0.002118825912475586,
    "make_pixelization_grid_from_0": 8.58306884765625e-06,
    "pix_indexes_for_sub_slim_index_0": 0.04535341262817383,
    "pix_weights_for_sub_slim_index_0": 0.0005087852478027344,
    "data_unique_mappings_0": 0.008136987686157227,
    "data_vector_from_0": 0.014470815658569336,
    "curvature_matrix_diag_0": 0.3762228488922119,
    "curvature_matrix_0": 2.2649765014648438e-05,
    "curvature_matrix_1": 1.9311904907226562e-05,
    "regularization_matrix_0": 0.019881486892700195,
    "curvature_reg_matrix_0": 0.0003876686096191406,
    "curvature_reg_matrix_cholesky_0": 0.16541671752929688,
    "reconstruction_0": 0.03554892539978027,
    "mapped_reconstructed_data_of_mappers_from_0": 0.012720346450805664,
    "regularization_term_0": 0.0040242671966552734,
    "log_det_curvature_reg_matrix_term_0": 0.00031065940856933594,
    "log_det_regularization_matrix_term_0": 0.04824686050415039,
    "figure_of_merit_0": 0.0012011528015136719
}