{
    "traced_grid_list_of_inversion_from_0": 0.9975399971008301,
    "traced_sparse_grid_pg_list_from_0": 0.007664918899536133,
    "relocated_grid_from_0": 0.264080286026001,
    "relocated_pixelization_grid_from_0": 0.0015554428100585938,
    "pixelization_grid_from_0": 9.298324584960938e-06,
    "pix_sub_weights_0": 0.22566461563110352,
    "data_unique_mappings_0": 0.0070569515228271484,
    "data_vector_from_0": 0.013430356979370117,
    "curvature_matrix_diag_0": 0.2971327304840088,
    "curvature_matrix_0": 2.288818359375e-05,
    "curvature_matrix_1": 1.8835067749023438e-05,
    "regularization_matrix_0": 0.01857924461364746,
    "curvature_reg_matrix_0": 0.00827169418334961,
    "curvature_reg_matrix_cholesky_0": 0.10651206970214844,
    "reconstruction_0": 0.033437252044677734,
    "mapped_reconstructed_data_dict_from_0": 0.011922121047973633,
    "regularization_term_0": 0.0018267631530761719,
    "log_det_curvature_reg_matrix_term_0": 0.00032806396484375,
    "log_det_regularization_matrix_term_0": 0.04685211181640625,
    "figure_of_merit_0": 0.001222372055053711
}