{
    "traced_grids_of_inversion_from_0": 0.9185891151428223,
    "traced_sparse_grids_list_of_planes_from_0": 0.006862640380859375,
    "relocate_grid_via_border_0": 0.3540189266204834,
    "relocate_pixelization_grid_via_border_0": 0.002120494842529297,
    "make_pixelization_grid_0": 8.58306884765625e-06,
    "pixelization_index_for_sub_slim_index_0": 0.041271209716796875,
    "data_unique_mappings_0": 0.005270481109619141,
    "data_vector_from_0": 0.013755559921264648,
    "curvature_matrix_diag_0": 0.38155031204223633,
    "curvature_matrix_0": 2.1457672119140625e-05,
    "curvature_matrix_1": 1.430511474609375e-05,
    "regularization_matrix_0": 0.012813568115234375,
    "curvature_reg_matrix_0": 0.0003972053527832031,
    "curvature_reg_matrix_cholesky_0": 0.1353285312652588,
    "reconstruction_0": 0.03963041305541992,
    "mapped_reconstructed_data_of_mappers_from_0": 0.01238107681274414,
    "regularization_term_0": 0.001413106918334961,
    "log_det_curvature_reg_matrix_term_0": 0.0003228187561035156,
    "log_det_regularization_matrix_term_0": 0.05141162872314453,
    "figure_of_merit_0": 0.001256704330444336
}