{
    "traced_grid_list_of_inversion_from_0": 1.6384615898132324,
    "traced_sparse_grid_pg_list_from_0": 0.01546621322631836,
    "relocate_grid_via_border_0": 0.37331509590148926,
    "relocate_pixelization_grid_via_border_from_0": 0.00209808349609375,
    "make_pixelization_grid_from_0": 8.58306884765625e-06,
    "pix_indexes_for_sub_slim_index_0": 0.04958486557006836,
    "pix_weights_for_sub_slim_index_0": 0.00044846534729003906,
    "data_unique_mappings_0": 0.008924484252929688,
    "data_vector_from_0": 0.016296863555908203,
    "curvature_matrix_diag_0": 0.40837931632995605,
    "curvature_matrix_0": 1.9550323486328125e-05,
    "curvature_matrix_1": 1.8596649169921875e-05,
    "regularization_matrix_0": 0.020926713943481445,
    "curvature_reg_matrix_0": 0.00037097930908203125,
    "curvature_reg_matrix_cholesky_0": 0.20348405838012695,
    "reconstruction_0": 0.03859567642211914,
    "mapped_reconstructed_data_of_mappers_from_0": 0.013032197952270508,
    "regularization_term_0": 0.0040531158447265625,
    "log_det_curvature_reg_matrix_term_0": 0.0003402233123779297,
    "log_det_regularization_matrix_term_0": 0.05618929862976074,
    "figure_of_merit_0": 0.0014204978942871094
}