{"log_evidence": 64432.038739625285, "total_samples": 223007, "unconverged_sample_size": 1, "time": "1:09:20.673012", "number_live_points": 75}