{
    "traced_grids_of_inversion_from_grid_0": 0.970238208770752,
    "traced_sparse_grids_of_planes_from_grid_0": 0.006644248962402344,
    "relocate_grid_via_border_0": 0.38344454765319824,
    "relocate_pixelization_grid_via_border_0": 0.001913309097290039,
    "make_pixelization_grid_0": 1.52587890625e-05,
    "pixelization_index_for_sub_slim_index_0": 0.042137861251831055,
    "data_unique_mappings_0": 0.005854129791259766,
    "w_tilde_data_0": 0.013768196105957031,
    "data_vector_0": 0.0006124973297119141,
    "curvature_matrix_0": 0.3332180976867676,
    "regularization_matrix_0": 0.009173870086669922,
    "curvature_reg_matrix_0": 0.00035381317138671875,
    "curvature_reg_matrix_cholesky_0": 0.08281731605529785,
    "reconstruction_0": 0.020844459533691406,
    "mapped_reconstructed_image_0": 0.012398958206176758,
    "regularization_term_0": 0.0010395050048828125,
    "log_det_curvature_reg_matrix_term_0": 0.00025725364685058594,
    "log_det_regularization_matrix_term_0": 0.03796696662902832,
    "figure_of_merit_0": 0.0011873245239257812
}