{
    "traced_grids_of_inversion_from_grid_0": 0.5563457012176514,
    "traced_sparse_grids_of_planes_from_grid_0": 0.0041713714599609375,
    "relocate_grid_via_border_0": 0.3577756881713867,
    "relocate_pixelization_grid_via_border_0": 0.0018711090087890625,
    "make_pixelization_grid_0": 7.3909759521484375e-06,
    "pixelization_index_for_sub_slim_index_0": 0.04227805137634277,
    "data_unique_mappings_0": 0.0054988861083984375,
    "w_tilde_data_0": 0.013790607452392578,
    "data_vector_0": 0.0005686283111572266,
    "curvature_matrix_0": 0.3269522190093994,
    "regularization_matrix_0": 0.00871729850769043,
    "curvature_reg_matrix_0": 0.0003597736358642578,
    "curvature_reg_matrix_cholesky_0": 0.08545279502868652,
    "reconstruction_0": 0.0234682559967041,
    "mapped_reconstructed_image_0": 0.013416767120361328,
    "regularization_term_0": 0.0010592937469482422,
    "log_det_curvature_reg_matrix_term_0": 0.0003097057342529297,
    "log_det_regularization_matrix_term_0": 0.03832817077636719,
    "figure_of_merit_0": 0.0012264251708984375
}