{
    "traced_grid_list_of_inversion_from_0": 0.9693248271942139,
    "traced_sparse_grid_pg_list_from_0": 0.008002996444702148,
    "relocated_grid_from_0": 0.4531409740447998,
    "relocated_pixelization_grid_from_0": 0.002448558807373047,
    "pixelization_grid_from_0": 1.0251998901367188e-05,
    "pix_sub_weights_0": 0.045952796936035156,
    "data_unique_mappings_0": 0.007581233978271484,
    "data_vector_from_0": 0.013546228408813477,
    "curvature_matrix_diag_0": 0.37954020500183105,
    "curvature_matrix_0": 2.7179718017578125e-05,
    "curvature_matrix_1": 1.6450881958007812e-05,
    "regularization_matrix_0": 0.01865839958190918,
    "curvature_reg_matrix_0": 0.008375167846679688,
    "curvature_reg_matrix_cholesky_0": 0.10383224487304688,
    "reconstruction_0": 0.033501625061035156,
    "mapped_reconstructed_data_dict_from_0": 0.012409210205078125,
    "regularization_term_0": 0.0013723373413085938,
    "log_det_curvature_reg_matrix_term_0": 0.00032067298889160156,
    "log_det_regularization_matrix_term_0": 0.04879188537597656,
    "figure_of_merit_0": 0.0011897087097167969
}