{
    "traced_grids_of_inversion_from_grid_0": 1.1720669269561768,
    "traced_sparse_grids_of_planes_from_grid_0": 0.007611751556396484,
    "relocate_grid_via_border_0": 0.3858945369720459,
    "relocate_pixelization_grid_via_border_0": 0.0019283294677734375,
    "make_pixelization_grid_0": 9.775161743164062e-06,
    "pixelization_index_for_sub_slim_index_0": 0.04352307319641113,
    "data_unique_mappings_0": 0.006021261215209961,
    "w_tilde_data_0": 0.014276266098022461,
    "data_vector_0": 0.0007989406585693359,
    "curvature_matrix_0": 0.36220431327819824,
    "regularization_matrix_0": 0.009067773818969727,
    "curvature_reg_matrix_0": 0.0003998279571533203,
    "curvature_reg_matrix_cholesky_0": 0.1342921257019043,
    "reconstruction_0": 0.023771286010742188,
    "mapped_reconstructed_image_0": 0.012584209442138672,
    "regularization_term_0": 0.0028867721557617188,
    "log_det_curvature_reg_matrix_term_0": 0.0003058910369873047,
    "log_det_regularization_matrix_term_0": 0.04016423225402832,
    "figure_of_merit_0": 0.0013048648834228516
}