{
    "traced_grid_list_of_inversion_from_0": 1.4245693683624268,
    "traced_sparse_grid_pg_list_from_0": 0.014251947402954102,
    "relocate_grid_via_border_0": 0.3853745460510254,
    "relocate_pixelization_grid_via_border_from_0": 0.0019390583038330078,
    "make_pixelization_grid_from_0": 7.152557373046875e-06,
    "pix_indexes_for_sub_slim_index_0": 0.04543185234069824,
    "pix_weights_for_sub_slim_index_0": 0.00048351287841796875,
    "data_unique_mappings_0": 0.008344411849975586,
    "data_vector_from_0": 0.015733003616333008,
    "curvature_matrix_diag_0": 0.3587956428527832,
    "curvature_matrix_0": 1.811981201171875e-05,
    "curvature_matrix_1": 1.7881393432617188e-05,
    "regularization_matrix_0": 0.015534162521362305,
    "curvature_reg_matrix_0": 0.00031638145446777344,
    "curvature_reg_matrix_cholesky_0": 0.14208626747131348,
    "reconstruction_0": 0.02354121208190918,
    "mapped_reconstructed_data_of_mappers_from_0": 0.012754678726196289,
    "regularization_term_0": 0.0029735565185546875,
    "log_det_curvature_reg_matrix_term_0": 0.0002913475036621094,
    "log_det_regularization_matrix_term_0": 0.04281926155090332,
    "figure_of_merit_0": 0.0013539791107177734
}