{
    "traced_grid_list_of_inversion_from_0": 0.973609447479248,
    "traced_sparse_grid_pg_list_from_0": 0.007077217102050781,
    "relocate_grid_via_border_0": 0.22135043144226074,
    "relocate_pixelization_grid_via_border_from_0": 0.0011641979217529297,
    "make_pixelization_grid_from_0": 8.106231689453125e-06,
    "pix_indexes_for_sub_slim_index_0": 0.030261516571044922,
    "pix_weights_for_sub_slim_index_0": 0.000469207763671875,
    "data_unique_mappings_0": 0.00662541389465332,
    "data_vector_from_0": 0.013580799102783203,
    "curvature_matrix_diag_0": 0.24383997917175293,
    "curvature_matrix_0": 2.1219253540039062e-05,
    "curvature_matrix_1": 2.002716064453125e-05,
    "regularization_matrix_0": 0.019192218780517578,
    "curvature_reg_matrix_0": 0.0003657341003417969,
    "curvature_reg_matrix_cholesky_0": 0.08339333534240723,
    "reconstruction_0": 0.03597664833068848,
    "mapped_reconstructed_data_of_mappers_from_0": 0.012406349182128906,
    "regularization_term_0": 0.0007941722869873047,
    "log_det_curvature_reg_matrix_term_0": 0.0003104209899902344,
    "log_det_regularization_matrix_term_0": 0.05084705352783203,
    "figure_of_merit_0": 0.0012257099151611328
}