{"log_evidence": 114450.61644523166, "total_samples": 210515, "unconverged_sample_size": 1, "time": "5:24:42.588125", "number_live_points": 200}