{
    "traced_grids_of_inversion_from_0": 0.9287047386169434,
    "traced_sparse_grids_list_of_planes_from_0": 0.006476640701293945,
    "relocate_grid_via_border_0": 0.36521267890930176,
    "relocate_pixelization_grid_via_border_0": 0.0018079280853271484,
    "make_pixelization_grid_0": 7.3909759521484375e-06,
    "pixelization_index_for_sub_slim_index_0": 0.04062938690185547,
    "data_unique_mappings_0": 0.005429267883300781,
    "data_vector_from_0": 0.014233112335205078,
    "curvature_matrix_diag_0": 0.3274381160736084,
    "curvature_matrix_0": 1.9073486328125e-05,
    "curvature_matrix_1": 1.6450881958007812e-05,
    "regularization_matrix_0": 0.006329059600830078,
    "curvature_reg_matrix_0": 0.000286102294921875,
    "curvature_reg_matrix_cholesky_0": 0.08328080177307129,
    "reconstruction_0": 0.021259069442749023,
    "mapped_reconstructed_data_of_mappers_from_0": 0.01263880729675293,
    "regularization_term_0": 0.0010280609130859375,
    "log_det_curvature_reg_matrix_term_0": 0.0002486705780029297,
    "log_det_regularization_matrix_term_0": 0.03837704658508301,
    "figure_of_merit_0": 0.0011892318725585938
}