{
    "traced_grid_list_of_inversion_from_0": 1.2463164329528809,
    "traced_sparse_grid_pg_list_from_0": 0.012522459030151367,
    "relocate_grid_via_border_0": 0.388843297958374,
    "relocate_pixelization_grid_via_border_from_0": 0.0019257068634033203,
    "make_pixelization_grid_from_0": 8.106231689453125e-06,
    "pixelization_index_for_sub_slim_index_0": 0.04320955276489258,
    "data_unique_mappings_0": 0.005545377731323242,
    "data_vector_from_0": 0.014778375625610352,
    "curvature_matrix_diag_0": 0.3412642478942871,
    "curvature_matrix_0": 2.0742416381835938e-05,
    "curvature_matrix_1": 1.621246337890625e-05,
    "regularization_matrix_0": 0.009910345077514648,
    "curvature_reg_matrix_0": 0.00036787986755371094,
    "curvature_reg_matrix_cholesky_0": 0.12500452995300293,
    "reconstruction_0": 0.021256446838378906,
    "mapped_reconstructed_data_of_mappers_from_0": 0.012471437454223633,
    "regularization_term_0": 0.0029172897338867188,
    "log_det_curvature_reg_matrix_term_0": 0.0002703666687011719,
    "log_det_regularization_matrix_term_0": 0.03926682472229004,
    "figure_of_merit_0": 0.0012121200561523438
}