{
    "traced_grids_of_inversion_from_grid_0": 1.0725197792053223,
    "traced_sparse_grids_of_planes_from_grid_0": 0.007469892501831055,
    "relocate_grid_via_border_0": 0.3935878276824951,
    "relocate_pixelization_grid_via_border_0": 0.0019404888153076172,
    "make_pixelization_grid_0": 1.9788742065429688e-05,
    "pixelization_index_for_sub_slim_index_0": 0.04173541069030762,
    "data_unique_mappings_0": 0.005738735198974609,
    "w_tilde_data_0": 0.013791084289550781,
    "data_vector_0": 0.0007832050323486328,
    "curvature_matrix_0": 0.3384819030761719,
    "regularization_matrix_0": 0.009612321853637695,
    "curvature_reg_matrix_0": 0.00035858154296875,
    "curvature_reg_matrix_cholesky_0": 0.12271952629089355,
    "reconstruction_0": 0.022557973861694336,
    "mapped_reconstructed_image_0": 0.013259649276733398,
    "regularization_term_0": 0.0028285980224609375,
    "log_det_curvature_reg_matrix_term_0": 0.00030303001403808594,
    "log_det_regularization_matrix_term_0": 0.03863334655761719,
    "figure_of_merit_0": 0.00121307373046875
}