{
    "traced_grid_list_of_inversion_from_0": 1.5119571685791016,
    "traced_sparse_grid_pg_list_from_0": 0.015376806259155273,
    "relocate_grid_via_border_0": 0.3933682441711426,
    "relocate_pixelization_grid_via_border_from_0": 0.002213001251220703,
    "make_pixelization_grid_from_0": 8.344650268554688e-06,
    "pix_indexes_for_sub_slim_index_0": 0.050667762756347656,
    "pix_weights_for_sub_slim_index_0": 0.0004334449768066406,
    "data_unique_mappings_0": 0.009133100509643555,
    "data_vector_from_0": 0.01646590232849121,
    "curvature_matrix_diag_0": 0.42916226387023926,
    "curvature_matrix_0": 2.3126602172851562e-05,
    "curvature_matrix_1": 2.2411346435546875e-05,
    "regularization_matrix_0": 0.021915674209594727,
    "curvature_reg_matrix_0": 0.0003857612609863281,
    "curvature_reg_matrix_cholesky_0": 0.20456814765930176,
    "reconstruction_0": 0.03900718688964844,
    "mapped_reconstructed_data_of_mappers_from_0": 0.01291513442993164,
    "regularization_term_0": 0.003992319107055664,
    "log_det_curvature_reg_matrix_term_0": 0.0003573894500732422,
    "log_det_regularization_matrix_term_0": 0.056389570236206055,
    "figure_of_merit_0": 0.0013892650604248047
}