{
    "traced_grids_of_inversion_from_0": 0.9969933032989502,
    "traced_sparse_grids_list_of_planes_from_0": 0.007587432861328125,
    "relocate_grid_via_border_0": 0.36889171600341797,
    "relocate_pixelization_grid_via_border_0": 0.0020682811737060547,
    "make_pixelization_grid_0": 7.867813110351562e-06,
    "pixelization_index_for_sub_slim_index_0": 0.04155254364013672,
    "data_unique_mappings_0": 0.005287885665893555,
    "data_vector_from_0": 0.013530254364013672,
    "curvature_matrix_diag_0": 0.35729336738586426,
    "curvature_matrix_0": 2.7179718017578125e-05,
    "curvature_matrix_1": 1.7881393432617188e-05,
    "regularization_matrix_0": 0.012656927108764648,
    "curvature_reg_matrix_0": 0.0004112720489501953,
    "curvature_reg_matrix_cholesky_0": 0.12623119354248047,
    "reconstruction_0": 0.03744316101074219,
    "mapped_reconstructed_data_of_mappers_from_0": 0.012367486953735352,
    "regularization_term_0": 0.0018630027770996094,
    "log_det_curvature_reg_matrix_term_0": 0.0003101825714111328,
    "log_det_regularization_matrix_term_0": 0.05155611038208008,
    "figure_of_merit_0": 0.0012331008911132812
}