{
    "traced_grids_of_inversion_from_0": 1.9764797687530518,
    "traced_sparse_grids_list_of_planes_from_0": 0.018689870834350586,
    "relocate_grid_via_border_0": 0.38003015518188477,
    "relocate_pixelization_grid_via_border_from_0": 0.0018796920776367188,
    "make_pixelization_grid_from_0": 9.298324584960938e-06,
    "pixelization_index_for_sub_slim_index_0": 0.2630500793457031,
    "data_unique_mappings_0": 0.005630970001220703,
    "data_vector_from_0": 0.01438283920288086,
    "curvature_matrix_diag_0": 0.33011579513549805,
    "curvature_matrix_0": 6.29425048828125e-05,
    "curvature_matrix_1": 3.743171691894531e-05,
    "regularization_matrix_0": 0.010637044906616211,
    "curvature_reg_matrix_0": 0.0004215240478515625,
    "curvature_reg_matrix_cholesky_0": 0.09262728691101074,
    "reconstruction_0": 0.021430015563964844,
    "mapped_reconstructed_data_of_mappers_from_0": 0.013455629348754883,
    "regularization_term_0": 0.0015227794647216797,
    "log_det_curvature_reg_matrix_term_0": 0.0002713203430175781,
    "log_det_regularization_matrix_term_0": 0.03831195831298828,
    "figure_of_merit_0": 0.001195669174194336
}