{
    "sparse_image_plane_grids_of_planes_from_grid_0": 0.01216435432434082,
    "relocate_grid_via_border_0": 3.5762786865234375e-06,
    "relocate_pixelization_grid_via_border_0": 0.0011179447174072266,
    "make_pixelization_grid_0": 7.152557373046875e-06,
    "pixelization_index_for_sub_slim_index_0": 0.3820791244506836,
    "data_unique_mappings_0": 0.0046312808990478516,
    "w_tilde_data_0": 0.012949228286743164,
    "data_vector_0": 0.0005698204040527344,
    "curvature_matrix_0": 0.2362363338470459,
    "regularization_matrix_0": 0.004990577697753906,
    "curvature_reg_matrix_0": 0.0001938343048095703,
    "curvature_reg_matrix_cholesky_0": 0.03153634071350098,
    "reconstruction_0": 0.010797500610351562,
    "mapped_reconstructed_image_0": 0.013014078140258789,
    "regularization_term_0": 0.0003814697265625,
    "log_det_curvature_reg_matrix_term_0": 0.00020599365234375,
    "log_det_regularization_matrix_term_0": 0.025359630584716797,
    "figure_of_merit_0": 0.0013775825500488281
}