{
    "sparse_image_plane_grids_of_planes_from_grid_0": 4.912296772003174,
    "relocate_grid_via_border_0": 3.0994415283203125e-06,
    "relocate_pixelization_grid_via_border_0": 0.002135038375854492,
    "make_pixelization_grid_0": 8.106231689453125e-06,
    "pixelization_index_for_sub_slim_index_0": 0.04772639274597168,
    "data_unique_mappings_0": 0.005944252014160156,
    "w_tilde_data_0": 0.015675783157348633,
    "data_vector_0": 0.0005605220794677734,
    "curvature_matrix_0": 0.3611772060394287,
    "regularization_matrix_0": 0.010803461074829102,
    "curvature_reg_matrix_0": 0.00033473968505859375,
    "curvature_reg_matrix_cholesky_0": 0.08957576751708984,
    "reconstruction_0": 0.039502620697021484,
    "mapped_reconstructed_image_0": 0.027956247329711914,
    "regularization_term_0": 0.0007379055023193359,
    "log_det_curvature_reg_matrix_term_0": 0.0005843639373779297,
    "log_det_regularization_matrix_term_0": 0.13189411163330078,
    "figure_of_merit_0": 0.0013904571533203125
}