{
    "traced_grid_list_of_inversion_from_0": 1.5152487754821777,
    "traced_sparse_grid_pg_list_from_0": 0.014897346496582031,
    "relocate_grid_via_border_0": 0.3904399871826172,
    "relocate_pixelization_grid_via_border_from_0": 0.0019948482513427734,
    "make_pixelization_grid_from_0": 8.344650268554688e-06,
    "pix_indexes_for_sub_slim_index_0": 0.0462641716003418,
    "pix_weights_for_sub_slim_index_0": 0.0004596710205078125,
    "data_unique_mappings_0": 0.00885319709777832,
    "data_vector_from_0": 0.016360044479370117,
    "curvature_matrix_diag_0": 0.36438894271850586,
    "curvature_matrix_0": 1.9550323486328125e-05,
    "curvature_matrix_1": 1.7881393432617188e-05,
    "regularization_matrix_0": 0.01676487922668457,
    "curvature_reg_matrix_0": 0.000347137451171875,
    "curvature_reg_matrix_cholesky_0": 0.14467763900756836,
    "reconstruction_0": 0.024218320846557617,
    "mapped_reconstructed_data_of_mappers_from_0": 0.01286768913269043,
    "regularization_term_0": 0.002983570098876953,
    "log_det_curvature_reg_matrix_term_0": 0.0002932548522949219,
    "log_det_regularization_matrix_term_0": 0.04418826103210449,
    "figure_of_merit_0": 0.0013926029205322266
}