{
    "traced_grids_of_inversion_from_grid_0": 0.17863154411315918,
    "traced_sparse_grids_of_planes_from_grid_0": 0.001699209213256836,
    "relocate_grid_via_border_0": 0.35791707038879395,
    "relocate_pixelization_grid_via_border_0": 0.001219034194946289,
    "make_pixelization_grid_0": 8.58306884765625e-06,
    "pixelization_index_for_sub_slim_index_0": 0.4431178569793701,
    "data_unique_mappings_0": 0.005089521408081055,
    "w_tilde_data_0": 0.013757944107055664,
    "data_vector_0": 0.0004734992980957031,
    "curvature_matrix_0": 0.26233339309692383,
    "regularization_matrix_0": 0.0019495487213134766,
    "curvature_reg_matrix_0": 0.00015163421630859375,
    "curvature_reg_matrix_cholesky_0": 0.030768394470214844,
    "reconstruction_0": 0.009902238845825195,
    "mapped_reconstructed_image_0": 0.012723207473754883,
    "regularization_term_0": 0.0003345012664794922,
    "log_det_curvature_reg_matrix_term_0": 0.00021910667419433594,
    "log_det_regularization_matrix_term_0": 0.02302837371826172,
    "figure_of_merit_0": 0.00136566162109375
}