{
    "traced_grids_of_inversion_from_grid_0": 1.5154743194580078,
    "traced_sparse_grids_of_planes_from_grid_0": 0.00945901870727539,
    "relocate_grid_via_border_0": 0.4439361095428467,
    "relocate_pixelization_grid_via_border_0": 0.0024466514587402344,
    "make_pixelization_grid_0": 8.821487426757812e-06,
    "pixelization_index_for_sub_slim_index_0": 0.05162215232849121,
    "data_unique_mappings_0": 0.007115602493286133,
    "w_tilde_data_0": 0.016121387481689453,
    "data_vector_0": 0.0008413791656494141,
    "curvature_matrix_0": 0.47815418243408203,
    "regularization_matrix_0": 0.015180587768554688,
    "curvature_reg_matrix_0": 0.0005042552947998047,
    "curvature_reg_matrix_cholesky_0": 0.21665430068969727,
    "reconstruction_0": 0.04249739646911621,
    "mapped_reconstructed_image_0": 0.014083623886108398,
    "regularization_term_0": 0.0042302608489990234,
    "log_det_curvature_reg_matrix_term_0": 0.00036334991455078125,
    "log_det_regularization_matrix_term_0": 0.057514190673828125,
    "figure_of_merit_0": 0.0015060901641845703
}