{
    "traced_grids_of_inversion_from_grid_0": 1.2213988304138184,
    "traced_sparse_grids_of_planes_from_grid_0": 0.008042097091674805,
    "relocate_grid_via_border_0": 0.39680027961730957,
    "relocate_pixelization_grid_via_border_0": 0.0019631385803222656,
    "make_pixelization_grid_0": 1.3589859008789062e-05,
    "pixelization_index_for_sub_slim_index_0": 0.04420185089111328,
    "data_unique_mappings_0": 0.0058650970458984375,
    "w_tilde_data_0": 0.014273643493652344,
    "data_vector_0": 0.0007758140563964844,
    "curvature_matrix_0": 0.3590278625488281,
    "regularization_matrix_0": 0.008954286575317383,
    "curvature_reg_matrix_0": 0.0003879070281982422,
    "curvature_reg_matrix_cholesky_0": 0.13540053367614746,
    "reconstruction_0": 0.02387833595275879,
    "mapped_reconstructed_image_0": 0.01269221305847168,
    "regularization_term_0": 0.0029883384704589844,
    "log_det_curvature_reg_matrix_term_0": 0.00033283233642578125,
    "log_det_regularization_matrix_term_0": 0.04026174545288086,
    "figure_of_merit_0": 0.0013325214385986328
}