{
    "traced_grid_list_of_inversion_from_0": 0.5291032791137695,
    "traced_sparse_grid_pg_list_from_0": 0.004548311233520508,
    "relocated_grid_from_0": 0.3399345874786377,
    "relocated_pixelization_grid_from_0": 0.001890420913696289,
    "pixelization_grid_from_0": 1.4066696166992188e-05,
    "pix_sub_weights_0": 0.04663419723510742,
    "data_unique_mappings_0": 0.008290529251098633,
    "data_vector_from_0": 0.014809370040893555,
    "curvature_matrix_diag_0": 0.376694917678833,
    "curvature_matrix_0": 3.361701965332031e-05,
    "curvature_matrix_1": 1.9073486328125e-05,
    "regularization_matrix_0": 0.01959514617919922,
    "curvature_reg_matrix_0": 0.008889198303222656,
    "curvature_reg_matrix_cholesky_0": 0.10797762870788574,
    "reconstruction_0": 0.036165475845336914,
    "mapped_reconstructed_data_dict_from_0": 0.0128021240234375,
    "regularization_term_0": 0.0014107227325439453,
    "log_det_curvature_reg_matrix_term_0": 0.0003323554992675781,
    "log_det_regularization_matrix_term_0": 0.05050349235534668,
    "figure_of_merit_0": 0.001312255859375
}