{
    "traced_grids_of_inversion_from_grid_0": 1.3557145595550537,
    "traced_sparse_grids_of_planes_from_grid_0": 0.008658170700073242,
    "relocate_grid_via_border_0": 0.4471156597137451,
    "relocate_pixelization_grid_via_border_0": 0.0022454261779785156,
    "make_pixelization_grid_0": 1.1444091796875e-05,
    "pixelization_index_for_sub_slim_index_0": 0.04811739921569824,
    "data_unique_mappings_0": 0.006857395172119141,
    "w_tilde_data_0": 0.015371322631835938,
    "data_vector_0": 0.0008349418640136719,
    "curvature_matrix_0": 0.41864657402038574,
    "regularization_matrix_0": 0.009915351867675781,
    "curvature_reg_matrix_0": 0.00044727325439453125,
    "curvature_reg_matrix_cholesky_0": 0.15941977500915527,
    "reconstruction_0": 0.02550649642944336,
    "mapped_reconstructed_image_0": 0.013595819473266602,
    "regularization_term_0": 0.0037279129028320312,
    "log_det_curvature_reg_matrix_term_0": 0.0003421306610107422,
    "log_det_regularization_matrix_term_0": 0.04394793510437012,
    "figure_of_merit_0": 0.0013794898986816406
}