{
    "traced_grid_list_of_inversion_from_0": 0.9113223552703857,
    "traced_sparse_grid_pg_list_from_0": 0.006746053695678711,
    "relocate_grid_via_border_0": 0.35161495208740234,
    "relocate_pixelization_grid_via_border_from_0": 0.0019457340240478516,
    "make_pixelization_grid_from_0": 7.3909759521484375e-06,
    "pixelization_index_for_sub_slim_index_0": 0.04119682312011719,
    "data_unique_mappings_0": 0.005479574203491211,
    "data_vector_from_0": 0.013500690460205078,
    "curvature_matrix_diag_0": 0.33971595764160156,
    "curvature_matrix_0": 2.956390380859375e-05,
    "curvature_matrix_1": 1.6927719116210938e-05,
    "regularization_matrix_0": 0.012568235397338867,
    "curvature_reg_matrix_0": 0.0003809928894042969,
    "curvature_reg_matrix_cholesky_0": 0.10647058486938477,
    "reconstruction_0": 0.033837318420410156,
    "mapped_reconstructed_data_of_mappers_from_0": 0.012386083602905273,
    "regularization_term_0": 0.0018086433410644531,
    "log_det_curvature_reg_matrix_term_0": 0.0003161430358886719,
    "log_det_regularization_matrix_term_0": 0.04641461372375488,
    "figure_of_merit_0": 0.0011756420135498047
}