{
    "traced_grids_of_inversion_from_0": 0.6407015323638916,
    "traced_sparse_grids_list_of_planes_from_0": 0.005334615707397461,
    "relocate_grid_via_border_0": 0.35492825508117676,
    "relocate_pixelization_grid_via_border_0": 0.002007722854614258,
    "make_pixelization_grid_0": 9.059906005859375e-06,
    "pixelization_index_for_sub_slim_index_0": 0.04153752326965332,
    "data_unique_mappings_0": 0.005345344543457031,
    "data_vector_from_0": 0.013615608215332031,
    "curvature_matrix_diag_0": 0.35968732833862305,
    "curvature_matrix_0": 2.574920654296875e-05,
    "curvature_matrix_1": 2.384185791015625e-05,
    "regularization_matrix_0": 0.012708663940429688,
    "curvature_reg_matrix_0": 0.0003943443298339844,
    "curvature_reg_matrix_cholesky_0": 0.12796807289123535,
    "reconstruction_0": 0.038019657135009766,
    "mapped_reconstructed_data_of_mappers_from_0": 0.012359380722045898,
    "regularization_term_0": 0.0017971992492675781,
    "log_det_curvature_reg_matrix_term_0": 0.0003044605255126953,
    "log_det_regularization_matrix_term_0": 0.048743247985839844,
    "figure_of_merit_0": 0.0012083053588867188
}