{
    "sparse_image_plane_grids_of_planes_from_grid_0": 6.043880939483643,
    "relocate_grid_via_border_0": 5.4836273193359375e-06,
    "relocate_pixelization_grid_via_border_0": 0.002553701400756836,
    "make_pixelization_grid_0": 1.430511474609375e-05,
    "pixelization_index_for_sub_slim_index_0": 0.05074667930603027,
    "data_unique_mappings_0": 0.006226062774658203,
    "w_tilde_data_0": 0.015717267990112305,
    "data_vector_0": 0.0005915164947509766,
    "curvature_matrix_0": 0.4199199676513672,
    "regularization_matrix_0": 0.014434099197387695,
    "curvature_reg_matrix_0": 0.00040340423583984375,
    "curvature_reg_matrix_cholesky_0": 0.12337088584899902,
    "reconstruction_0": 0.06574678421020508,
    "mapped_reconstructed_image_0": 0.013297080993652344,
    "regularization_term_0": 0.0011456012725830078,
    "log_det_curvature_reg_matrix_term_0": 0.0007076263427734375,
    "log_det_regularization_matrix_term_0": 0.15070223808288574,
    "figure_of_merit_0": 0.0014009475708007812
}