{
    "traced_grids_of_inversion_from_0": 0.7021431922912598,
    "traced_sparse_grids_list_of_planes_from_0": 0.00588536262512207,
    "relocate_grid_via_border_0": 0.3851196765899658,
    "relocate_pixelization_grid_via_border_0": 0.002196788787841797,
    "make_pixelization_grid_0": 9.059906005859375e-06,
    "pixelization_index_for_sub_slim_index_0": 0.04595613479614258,
    "data_unique_mappings_0": 0.0058710575103759766,
    "data_vector_from_0": 0.014681100845336914,
    "curvature_matrix_diag_0": 0.38823461532592773,
    "curvature_matrix_0": 2.7418136596679688e-05,
    "curvature_matrix_1": 2.0265579223632812e-05,
    "regularization_matrix_0": 0.01297903060913086,
    "curvature_reg_matrix_0": 0.0003974437713623047,
    "curvature_reg_matrix_cholesky_0": 0.13163208961486816,
    "reconstruction_0": 0.03838157653808594,
    "mapped_reconstructed_data_of_mappers_from_0": 0.012851715087890625,
    "regularization_term_0": 0.001813650131225586,
    "log_det_curvature_reg_matrix_term_0": 0.00031638145446777344,
    "log_det_regularization_matrix_term_0": 0.051733970642089844,
    "figure_of_merit_0": 0.0012793540954589844
}