{
    "traced_grids_of_inversion_from_grid_0": 1.284543514251709,
    "traced_sparse_grids_of_planes_from_grid_0": 0.00822305679321289,
    "relocate_grid_via_border_0": 0.4201481342315674,
    "relocate_pixelization_grid_via_border_0": 0.002073049545288086,
    "make_pixelization_grid_0": 2.2649765014648438e-05,
    "pixelization_index_for_sub_slim_index_0": 0.046930551528930664,
    "data_unique_mappings_0": 0.006288766860961914,
    "w_tilde_data_0": 0.01573777198791504,
    "data_vector_0": 0.0008182525634765625,
    "curvature_matrix_0": 0.41025352478027344,
    "regularization_matrix_0": 0.011511802673339844,
    "curvature_reg_matrix_0": 0.0004036426544189453,
    "curvature_reg_matrix_cholesky_0": 0.15938591957092285,
    "reconstruction_0": 0.027544260025024414,
    "mapped_reconstructed_image_0": 0.013541936874389648,
    "regularization_term_0": 0.0030159950256347656,
    "log_det_curvature_reg_matrix_term_0": 0.0003333091735839844,
    "log_det_regularization_matrix_term_0": 0.043569087982177734,
    "figure_of_merit_0": 0.001420736312866211
}