{
    "traced_grid_list_of_inversion_from_0": 0.46226072311401367,
    "traced_sparse_grid_pg_list_from_0": 0.004245758056640625,
    "relocated_grid_from_0": 0.19878339767456055,
    "relocated_pixelization_grid_from_0": 0.0009796619415283203,
    "pixelization_grid_from_0": 1.5020370483398438e-05,
    "pix_sub_weights_0": 0.03992009162902832,
    "data_unique_mappings_0": 0.007607936859130859,
    "data_vector_from_0": 0.014851808547973633,
    "curvature_matrix_diag_0": 0.3047761917114258,
    "curvature_matrix_0": 2.0503997802734375e-05,
    "curvature_matrix_1": 1.8358230590820312e-05,
    "regularization_matrix_0": 0.020315170288085938,
    "curvature_reg_matrix_0": 0.008949995040893555,
    "curvature_reg_matrix_cholesky_0": 0.10732007026672363,
    "reconstruction_0": 0.03466343879699707,
    "mapped_reconstructed_data_dict_from_0": 0.012781620025634766,
    "regularization_term_0": 0.0014104843139648438,
    "log_det_curvature_reg_matrix_term_0": 0.00032019615173339844,
    "log_det_regularization_matrix_term_0": 0.05053091049194336,
    "figure_of_merit_0": 0.0012233257293701172
}