{
    "traced_grids_of_inversion_from_grid_0": 0.18082356452941895,
    "traced_sparse_grids_of_planes_from_grid_0": 0.0016834735870361328,
    "relocate_grid_via_border_0": 0.3389270305633545,
    "relocate_pixelization_grid_via_border_0": 0.0011124610900878906,
    "make_pixelization_grid_0": 7.867813110351562e-06,
    "pixelization_index_for_sub_slim_index_0": 0.395190954208374,
    "data_unique_mappings_0": 0.004838466644287109,
    "w_tilde_data_0": 0.012854337692260742,
    "data_vector_0": 0.0005323886871337891,
    "curvature_matrix_0": 0.24222207069396973,
    "regularization_matrix_0": 0.0022230148315429688,
    "curvature_reg_matrix_0": 0.0001544952392578125,
    "curvature_reg_matrix_cholesky_0": 0.02843165397644043,
    "reconstruction_0": 0.009483098983764648,
    "mapped_reconstructed_image_0": 0.012388229370117188,
    "regularization_term_0": 0.00036144256591796875,
    "log_det_curvature_reg_matrix_term_0": 0.00020575523376464844,
    "log_det_regularization_matrix_term_0": 0.024042606353759766,
    "figure_of_merit_0": 0.0013537406921386719
}