{
    "traced_grid_list_of_inversion_from_0": 0.9126298427581787,
    "traced_sparse_grid_pg_list_from_0": 0.006763458251953125,
    "relocate_grid_via_border_0": 0.35552453994750977,
    "relocate_pixelization_grid_via_border_from_0": 0.001943826675415039,
    "make_pixelization_grid_from_0": 7.867813110351562e-06,
    "pixelization_index_for_sub_slim_index_0": 0.0410914421081543,
    "data_unique_mappings_0": 0.00525665283203125,
    "data_vector_from_0": 0.013480186462402344,
    "curvature_matrix_diag_0": 0.34236741065979004,
    "curvature_matrix_0": 3.24249267578125e-05,
    "curvature_matrix_1": 1.7881393432617188e-05,
    "regularization_matrix_0": 0.01258540153503418,
    "curvature_reg_matrix_0": 0.0003743171691894531,
    "curvature_reg_matrix_cholesky_0": 0.10959434509277344,
    "reconstruction_0": 0.035280466079711914,
    "mapped_reconstructed_data_of_mappers_from_0": 0.012609720230102539,
    "regularization_term_0": 0.0018155574798583984,
    "log_det_curvature_reg_matrix_term_0": 0.0003247261047363281,
    "log_det_regularization_matrix_term_0": 0.0470280647277832,
    "figure_of_merit_0": 0.0011572837829589844
}