{
    "image_2d_from_grid_0": 0.014034509658813477,
    "image_2d_from_grid_1": 0.05534791946411133,
    "image_2d_from_grid_2": 0.010733366012573242,
    "image_2d_from_grid_3": 0.0020227432250976562,
    "image_2d_from_grid_4": 0.0024924278259277344,
    "convolve_via_convolver_0": 0.013193368911743164,
    "w_tilde_data_0": 0.014228582382202148,
    "data_vector_0": 0.0008299350738525391,
    "curvature_matrix_0": 0.3771822452545166,
    "regularization_matrix_0": 5.245208740234375e-06,
    "curvature_reg_matrix_0": 0.00043654441833496094,
    "curvature_reg_matrix_cholesky_0": 0.14239859580993652,
    "reconstruction_0": 0.039778947830200195,
    "mapped_reconstructed_image_0": 0.012880325317382812,
    "regularization_term_0": 0.0021457672119140625,
    "log_det_curvature_reg_matrix_term_0": 0.00033164024353027344,
    "log_det_regularization_matrix_term_0": 3.337860107421875e-06,
    "figure_of_merit_0": 0.0011987686157226562
}