{
    "traced_grid_list_of_inversion_from_0": 0.9601020812988281,
    "traced_sparse_grid_pg_list_from_0": 0.0061872005462646484,
    "relocate_grid_via_border_0": 0.343630313873291,
    "relocate_pixelization_grid_via_border_from_0": 0.001718282699584961,
    "make_pixelization_grid_from_0": 7.152557373046875e-06,
    "pixelization_index_for_sub_slim_index_0": 0.03938722610473633,
    "data_unique_mappings_0": 0.005501985549926758,
    "data_vector_from_0": 0.013584613800048828,
    "curvature_matrix_diag_0": 0.320218563079834,
    "curvature_matrix_0": 2.4557113647460938e-05,
    "curvature_matrix_1": 1.71661376953125e-05,
    "regularization_matrix_0": 0.008554697036743164,
    "curvature_reg_matrix_0": 0.0003631114959716797,
    "curvature_reg_matrix_cholesky_0": 0.07060551643371582,
    "reconstruction_0": 0.022330760955810547,
    "mapped_reconstructed_data_of_mappers_from_0": 0.012770891189575195,
    "regularization_term_0": 0.0007202625274658203,
    "log_det_curvature_reg_matrix_term_0": 0.0003018379211425781,
    "log_det_regularization_matrix_term_0": 0.03964996337890625,
    "figure_of_merit_0": 0.001256704330444336
}