{
    "traced_grid_list_of_inversion_from_0": 1.2027323246002197,
    "traced_sparse_grid_pg_list_from_0": 0.01250004768371582,
    "relocated_grid_from_0": 0.3374159336090088,
    "relocated_pixelization_grid_from_0": 0.0016942024230957031,
    "pixelization_grid_from_0": 1.3589859008789062e-05,
    "pix_indexes_for_sub_slim_index_0": 0.04051637649536133,
    "pix_weights_for_sub_slim_index_0": 0.0004553794860839844,
    "data_unique_mappings_0": 0.00759124755859375,
    "data_vector_from_0": 0.013832330703735352,
    "curvature_matrix_diag_0": 0.30928945541381836,
    "curvature_matrix_0": 2.384185791015625e-05,
    "curvature_matrix_1": 1.8358230590820312e-05,
    "regularization_matrix_0": 0.014726638793945312,
    "curvature_reg_matrix_0": 0.0003414154052734375,
    "curvature_reg_matrix_cholesky_0": 0.07961440086364746,
    "reconstruction_0": 0.021175384521484375,
    "mapped_reconstructed_data_dict_from_0": 0.012643575668334961,
    "regularization_term_0": 0.0010614395141601562,
    "log_det_curvature_reg_matrix_term_0": 0.00026416778564453125,
    "log_det_regularization_matrix_term_0": 0.03852081298828125,
    "figure_of_merit_0": 0.0011858940124511719
}