{
    "traced_grids_of_inversion_from_grid_0": 1.2356171607971191,
    "traced_sparse_grids_of_planes_from_grid_0": 0.009272098541259766,
    "relocate_grid_via_border_0": 0.40583109855651855,
    "relocate_pixelization_grid_via_border_0": 0.0022203922271728516,
    "make_pixelization_grid_0": 2.2172927856445312e-05,
    "pixelization_index_for_sub_slim_index_0": 0.048128366470336914,
    "data_unique_mappings_0": 0.006322145462036133,
    "w_tilde_data_0": 0.015085697174072266,
    "data_vector_0": 0.0009088516235351562,
    "curvature_matrix_0": 0.4396820068359375,
    "regularization_matrix_0": 0.015222549438476562,
    "curvature_reg_matrix_0": 0.00043487548828125,
    "curvature_reg_matrix_cholesky_0": 0.19620704650878906,
    "reconstruction_0": 0.039374351501464844,
    "mapped_reconstructed_image_0": 0.013030052185058594,
    "regularization_term_0": 0.003981113433837891,
    "log_det_curvature_reg_matrix_term_0": 0.0003421306610107422,
    "log_det_regularization_matrix_term_0": 0.05285453796386719,
    "figure_of_merit_0": 0.0013706684112548828
}