{
    "traced_grids_of_inversion_from_0": 1.9258182048797607,
    "traced_sparse_grids_list_of_planes_from_0": 0.017158031463623047,
    "relocate_grid_via_border_0": 0.4104475975036621,
    "relocate_pixelization_grid_via_border_0": 0.0020618438720703125,
    "make_pixelization_grid_0": 8.344650268554688e-06,
    "pixelization_index_for_sub_slim_index_0": 0.04535388946533203,
    "data_unique_mappings_0": 0.006130695343017578,
    "data_vector_from_0": 0.015233278274536133,
    "curvature_matrix_diag_0": 0.41248631477355957,
    "curvature_matrix_0": 7.462501525878906e-05,
    "curvature_matrix_1": 3.933906555175781e-05,
    "regularization_matrix_0": 0.011946678161621094,
    "curvature_reg_matrix_0": 0.000492095947265625,
    "curvature_reg_matrix_cholesky_0": 0.1473407745361328,
    "reconstruction_0": 0.02520275115966797,
    "mapped_reconstructed_data_of_mappers_from_0": 0.01279306411743164,
    "regularization_term_0": 0.0035104751586914062,
    "log_det_curvature_reg_matrix_term_0": 0.00039577484130859375,
    "log_det_regularization_matrix_term_0": 0.04262208938598633,
    "figure_of_merit_0": 0.0013499259948730469
}