{
    "traced_grid_list_of_inversion_from_0": 1.1030027866363525,
    "traced_sparse_grid_pg_list_from_0": 0.008154869079589844,
    "relocate_grid_via_border_0": 0.358532190322876,
    "relocate_pixelization_grid_via_border_from_0": 0.0019605159759521484,
    "make_pixelization_grid_from_0": 9.5367431640625e-06,
    "pix_indexes_for_sub_slim_index_0": 0.04458189010620117,
    "pix_weights_for_sub_slim_index_0": 0.00045037269592285156,
    "data_unique_mappings_0": 0.008047103881835938,
    "data_vector_from_0": 0.01473855972290039,
    "curvature_matrix_diag_0": 0.3588981628417969,
    "curvature_matrix_0": 2.3603439331054688e-05,
    "curvature_matrix_1": 1.8358230590820312e-05,
    "regularization_matrix_0": 0.019908905029296875,
    "curvature_reg_matrix_0": 0.0003879070281982422,
    "curvature_reg_matrix_cholesky_0": 0.0888528823852539,
    "reconstruction_0": 0.03919339179992676,
    "mapped_reconstructed_data_of_mappers_from_0": 0.012662649154663086,
    "regularization_term_0": 0.0008549690246582031,
    "log_det_curvature_reg_matrix_term_0": 0.00033473968505859375,
    "log_det_regularization_matrix_term_0": 0.054085731506347656,
    "figure_of_merit_0": 0.0013537406921386719
}