{
    "traced_grid_list_of_inversion_from_0": 1.314777135848999,
    "traced_sparse_grid_pg_list_from_0": 0.011876106262207031,
    "relocate_grid_via_border_0": 0.38170814514160156,
    "relocate_pixelization_grid_via_border_from_0": 0.0018973350524902344,
    "make_pixelization_grid_from_0": 9.775161743164062e-06,
    "pix_indexes_for_sub_slim_index_0": 0.042539358139038086,
    "pix_weights_for_sub_slim_index_0": 0.0005311965942382812,
    "data_unique_mappings_0": 0.008018016815185547,
    "data_vector_from_0": 0.014478921890258789,
    "curvature_matrix_diag_0": 0.3582885265350342,
    "curvature_matrix_0": 2.3603439331054688e-05,
    "curvature_matrix_1": 2.1696090698242188e-05,
    "regularization_matrix_0": 0.017094850540161133,
    "curvature_reg_matrix_0": 0.00039577484130859375,
    "curvature_reg_matrix_cholesky_0": 0.13348102569580078,
    "reconstruction_0": 0.024439334869384766,
    "mapped_reconstructed_data_of_mappers_from_0": 0.012732982635498047,
    "regularization_term_0": 0.0030455589294433594,
    "log_det_curvature_reg_matrix_term_0": 0.00029921531677246094,
    "log_det_regularization_matrix_term_0": 0.03852105140686035,
    "figure_of_merit_0": 0.0012617111206054688
}