{"log_evidence": 58264.93313576148, "total_samples": 33353, "unconverged_sample_size": 1, "time": "0:13:35.970938", "number_live_points": 75}