{
    "sparse_image_plane_grids_of_planes_from_grid_0": 0.01149129867553711,
    "relocate_grid_via_border_0": 2.6226043701171875e-06,
    "relocate_pixelization_grid_via_border_0": 0.0008804798126220703,
    "make_pixelization_grid_0": 1.4066696166992188e-05,
    "pixelization_index_for_sub_slim_index_0": 0.4539356231689453,
    "data_unique_mappings_0": 0.0046539306640625,
    "w_tilde_data_0": 0.013027429580688477,
    "data_vector_0": 0.0005137920379638672,
    "curvature_matrix_0": 0.21662378311157227,
    "regularization_matrix_0": 0.0026094913482666016,
    "curvature_reg_matrix_0": 0.00011920928955078125,
    "curvature_reg_matrix_cholesky_0": 0.024845600128173828,
    "reconstruction_0": 0.007701396942138672,
    "mapped_reconstructed_image_0": 0.01279759407043457,
    "regularization_term_0": 0.00026226043701171875,
    "log_det_curvature_reg_matrix_term_0": 0.00018215179443359375,
    "log_det_regularization_matrix_term_0": 0.018593311309814453,
    "figure_of_merit_0": 0.001341104507446289
}