{
    "traced_grids_of_inversion_from_grid_0": 1.4088714122772217,
    "traced_sparse_grids_of_planes_from_grid_0": 0.009502172470092773,
    "relocate_grid_via_border_0": 0.44022583961486816,
    "relocate_pixelization_grid_via_border_0": 0.002451658248901367,
    "make_pixelization_grid_0": 1.0251998901367188e-05,
    "pixelization_index_for_sub_slim_index_0": 0.05412769317626953,
    "data_unique_mappings_0": 0.008032560348510742,
    "w_tilde_data_0": 0.016635656356811523,
    "data_vector_0": 0.0014650821685791016,
    "curvature_matrix_0": 0.4911792278289795,
    "regularization_matrix_0": 0.014359235763549805,
    "curvature_reg_matrix_0": 0.0005822181701660156,
    "curvature_reg_matrix_cholesky_0": 0.22097277641296387,
    "reconstruction_0": 0.04591655731201172,
    "mapped_reconstructed_image_0": 0.01606893539428711,
    "regularization_term_0": 0.004337787628173828,
    "log_det_curvature_reg_matrix_term_0": 0.0004286766052246094,
    "log_det_regularization_matrix_term_0": 0.05810213088989258,
    "figure_of_merit_0": 0.0015687942504882812
}