{"log_evidence": 77685.36965081628, "total_samples": 192663, "unconverged_sample_size": 1, "time": "10:46:29.619614", "number_live_points": 200}