{
    "traced_grid_list_of_inversion_from_0": 0.9469149112701416,
    "traced_sparse_grid_pg_list_from_0": 0.006794452667236328,
    "relocate_grid_via_border_0": 0.33835577964782715,
    "relocate_pixelization_grid_via_border_from_0": 0.001844167709350586,
    "make_pixelization_grid_from_0": 6.67572021484375e-06,
    "pix_indexes_for_sub_slim_index_0": 0.04281258583068848,
    "pix_weights_for_sub_slim_index_0": 0.0003635883331298828,
    "data_unique_mappings_0": 0.00850367546081543,
    "data_vector_from_0": 0.013461112976074219,
    "curvature_matrix_diag_0": 0.3439352512359619,
    "curvature_matrix_0": 2.384185791015625e-05,
    "curvature_matrix_1": 1.8596649169921875e-05,
    "regularization_matrix_0": 0.01902174949645996,
    "curvature_reg_matrix_0": 0.0003771781921386719,
    "curvature_reg_matrix_cholesky_0": 0.08265972137451172,
    "reconstruction_0": 0.035703182220458984,
    "mapped_reconstructed_data_of_mappers_from_0": 0.012113809585571289,
    "regularization_term_0": 0.0007901191711425781,
    "log_det_curvature_reg_matrix_term_0": 0.00030422210693359375,
    "log_det_regularization_matrix_term_0": 0.04959559440612793,
    "figure_of_merit_0": 0.001226186752319336
}