{
    "traced_grid_list_of_inversion_from_0": 1.496671199798584,
    "traced_sparse_grid_pg_list_from_0": 0.014919757843017578,
    "relocate_grid_via_border_0": 0.33742618560791016,
    "relocate_pixelization_grid_via_border_from_0": 0.0018837451934814453,
    "make_pixelization_grid_from_0": 9.298324584960938e-06,
    "pix_indexes_for_sub_slim_index_0": 0.04133200645446777,
    "pix_weights_for_sub_slim_index_0": 0.00041675567626953125,
    "data_unique_mappings_0": 0.007341623306274414,
    "data_vector_from_0": 0.01346588134765625,
    "curvature_matrix_diag_0": 0.3325948715209961,
    "curvature_matrix_0": 2.9325485229492188e-05,
    "curvature_matrix_1": 2.0503997802734375e-05,
    "regularization_matrix_0": 0.018578290939331055,
    "curvature_reg_matrix_0": 0.00038313865661621094,
    "curvature_reg_matrix_cholesky_0": 0.15323543548583984,
    "reconstruction_0": 0.0325314998626709,
    "mapped_reconstructed_data_of_mappers_from_0": 0.011695146560668945,
    "regularization_term_0": 0.003726482391357422,
    "log_det_curvature_reg_matrix_term_0": 0.0002982616424560547,
    "log_det_regularization_matrix_term_0": 0.045488595962524414,
    "figure_of_merit_0": 0.0011043548583984375
}