{
    "traced_grids_of_inversion_from_0": 0.5875802040100098,
    "traced_sparse_grids_list_of_planes_from_0": 0.004744529724121094,
    "relocate_grid_via_border_0": 0.36069250106811523,
    "relocate_pixelization_grid_via_border_0": 0.002077341079711914,
    "make_pixelization_grid_0": 1.2636184692382812e-05,
    "pixelization_index_for_sub_slim_index_0": 0.04525613784790039,
    "data_unique_mappings_0": 0.005948305130004883,
    "data_vector_from_0": 0.014499902725219727,
    "curvature_matrix_diag_0": 0.41100573539733887,
    "curvature_matrix_0": 2.7179718017578125e-05,
    "curvature_matrix_1": 1.6927719116210938e-05,
    "regularization_matrix_0": 0.012772798538208008,
    "curvature_reg_matrix_0": 0.0004169940948486328,
    "curvature_reg_matrix_cholesky_0": 0.13067889213562012,
    "reconstruction_0": 0.04053163528442383,
    "mapped_reconstructed_data_of_mappers_from_0": 0.013271808624267578,
    "regularization_term_0": 0.0014340877532958984,
    "log_det_curvature_reg_matrix_term_0": 0.00032711029052734375,
    "log_det_regularization_matrix_term_0": 0.051703453063964844,
    "figure_of_merit_0": 0.0012700557708740234
}