{
    "traced_grid_list_of_inversion_from_0": 1.56374192237854,
    "traced_sparse_grid_pg_list_from_0": 0.014775753021240234,
    "relocate_grid_via_border_0": 0.3933885097503662,
    "relocate_pixelization_grid_via_border_from_0": 0.0019702911376953125,
    "make_pixelization_grid_from_0": 8.344650268554688e-06,
    "pix_indexes_for_sub_slim_index_0": 0.047353267669677734,
    "pix_weights_for_sub_slim_index_0": 0.0004668235778808594,
    "data_unique_mappings_0": 0.009023427963256836,
    "data_vector_from_0": 0.016140460968017578,
    "curvature_matrix_diag_0": 0.39192843437194824,
    "curvature_matrix_0": 1.7881393432617188e-05,
    "curvature_matrix_1": 1.8596649169921875e-05,
    "regularization_matrix_0": 0.01771688461303711,
    "curvature_reg_matrix_0": 0.000385284423828125,
    "curvature_reg_matrix_cholesky_0": 0.149031400680542,
    "reconstruction_0": 0.0243682861328125,
    "mapped_reconstructed_data_of_mappers_from_0": 0.013031959533691406,
    "regularization_term_0": 0.003019094467163086,
    "log_det_curvature_reg_matrix_term_0": 0.0003032684326171875,
    "log_det_regularization_matrix_term_0": 0.04335474967956543,
    "figure_of_merit_0": 0.001373291015625
}