{
    "image_2d_from_grid_0": 0.007521390914916992,
    "image_2d_from_grid_1": 0.029071807861328125,
    "image_2d_from_grid_2": 0.004170894622802734,
    "image_2d_from_grid_3": 0.002376079559326172,
    "image_2d_from_grid_4": 0.0016622543334960938,
    "convolve_via_convolver_0": 0.012256383895874023,
    "w_tilde_data_0": 0.01413106918334961,
    "data_vector_0": 0.0007562637329101562,
    "curvature_matrix_0": 0.4129295349121094,
    "regularization_matrix_0": 4.5299530029296875e-06,
    "curvature_reg_matrix_0": 0.0004611015319824219,
    "curvature_reg_matrix_cholesky_0": 0.1630842685699463,
    "reconstruction_0": 0.04018354415893555,
    "mapped_reconstructed_image_0": 0.012286186218261719,
    "regularization_term_0": 0.0020465850830078125,
    "log_det_curvature_reg_matrix_term_0": 0.0003273487091064453,
    "log_det_regularization_matrix_term_0": 2.6226043701171875e-06,
    "figure_of_merit_0": 0.0012476444244384766
}