{
    "traced_grid_list_of_inversion_from_0": 0.6171965599060059,
    "traced_sparse_grid_pg_list_from_0": 0.005220174789428711,
    "relocated_grid_from_0": 0.3132448196411133,
    "relocated_pixelization_grid_from_0": 0.001767873764038086,
    "pixelization_grid_from_0": 1.1444091796875e-05,
    "pix_sub_weights_0": 0.0412595272064209,
    "data_unique_mappings_0": 0.007470130920410156,
    "data_vector_from_0": 0.01356363296508789,
    "curvature_matrix_diag_0": 0.33325815200805664,
    "curvature_matrix_0": 3.0279159545898438e-05,
    "curvature_matrix_1": 2.7179718017578125e-05,
    "regularization_matrix_0": 0.01956343650817871,
    "curvature_reg_matrix_0": 0.008368968963623047,
    "curvature_reg_matrix_cholesky_0": 0.10695242881774902,
    "reconstruction_0": 0.033728599548339844,
    "mapped_reconstructed_data_dict_from_0": 0.012143850326538086,
    "regularization_term_0": 0.0017344951629638672,
    "log_det_curvature_reg_matrix_term_0": 0.0003304481506347656,
    "log_det_regularization_matrix_term_0": 0.04631161689758301,
    "figure_of_merit_0": 0.00115203857421875
}