{
    "image_2d_from_grid_0": 0.01403188705444336,
    "image_2d_from_grid_1": 0.05489039421081543,
    "image_2d_from_grid_2": 0.03824877738952637,
    "image_2d_from_grid_3": 0.006214618682861328,
    "image_2d_from_grid_4": 0.002668619155883789,
    "convolve_via_convolver_0": 0.012473821640014648,
    "w_tilde_data_0": 0.014203786849975586,
    "data_vector_0": 0.000762939453125,
    "curvature_matrix_0": 0.42766642570495605,
    "regularization_matrix_0": 4.0531158447265625e-06,
    "curvature_reg_matrix_0": 0.0004687309265136719,
    "curvature_reg_matrix_cholesky_0": 0.16337847709655762,
    "reconstruction_0": 0.039016008377075195,
    "mapped_reconstructed_image_0": 0.012195587158203125,
    "regularization_term_0": 0.002033233642578125,
    "log_det_curvature_reg_matrix_term_0": 0.00032448768615722656,
    "log_det_regularization_matrix_term_0": 2.384185791015625e-06,
    "figure_of_merit_0": 0.0012145042419433594
}