{
    "traced_grids_of_inversion_from_0": 1.0210041999816895,
    "traced_sparse_grids_list_of_planes_from_0": 0.007777690887451172,
    "relocate_grid_via_border_0": 0.35570359230041504,
    "relocate_pixelization_grid_via_border_0": 0.0020093917846679688,
    "make_pixelization_grid_0": 8.58306884765625e-06,
    "pixelization_index_for_sub_slim_index_0": 0.04110836982727051,
    "data_unique_mappings_0": 0.005339860916137695,
    "data_vector_from_0": 0.013535261154174805,
    "curvature_matrix_diag_0": 0.3554689884185791,
    "curvature_matrix_0": 2.5272369384765625e-05,
    "curvature_matrix_1": 1.5974044799804688e-05,
    "regularization_matrix_0": 0.012755393981933594,
    "curvature_reg_matrix_0": 0.00039005279541015625,
    "curvature_reg_matrix_cholesky_0": 0.12685394287109375,
    "reconstruction_0": 0.039751529693603516,
    "mapped_reconstructed_data_of_mappers_from_0": 0.013704061508178711,
    "regularization_term_0": 0.0017879009246826172,
    "log_det_curvature_reg_matrix_term_0": 0.0003094673156738281,
    "log_det_regularization_matrix_term_0": 0.049210309982299805,
    "figure_of_merit_0": 0.0011296272277832031
}