{
    "traced_grids_of_inversion_from_0": 0.9273583889007568,
    "traced_sparse_grids_list_of_planes_from_0": 0.007100820541381836,
    "relocate_grid_via_border_0": 0.34530115127563477,
    "relocate_pixelization_grid_via_border_0": 0.0019598007202148438,
    "make_pixelization_grid_0": 1.0251998901367188e-05,
    "pixelization_index_for_sub_slim_index_0": 0.041364431381225586,
    "data_unique_mappings_0": 0.005364179611206055,
    "data_vector_from_0": 0.013599395751953125,
    "curvature_matrix_diag_0": 0.3556175231933594,
    "curvature_matrix_0": 2.765655517578125e-05,
    "curvature_matrix_1": 2.2411346435546875e-05,
    "regularization_matrix_0": 0.013397455215454102,
    "curvature_reg_matrix_0": 0.0004165172576904297,
    "curvature_reg_matrix_cholesky_0": 0.12455105781555176,
    "reconstruction_0": 0.037123918533325195,
    "mapped_reconstructed_data_of_mappers_from_0": 0.012683629989624023,
    "regularization_term_0": 0.0018343925476074219,
    "log_det_curvature_reg_matrix_term_0": 0.0003139972686767578,
    "log_det_regularization_matrix_term_0": 0.04765820503234863,
    "figure_of_merit_0": 0.0011396408081054688
}