{
    "traced_grids_of_inversion_from_0": 1.0077781677246094,
    "traced_sparse_grids_list_of_planes_from_0": 0.007837057113647461,
    "relocate_grid_via_border_0": 0.35929250717163086,
    "relocate_pixelization_grid_via_border_0": 0.0019829273223876953,
    "make_pixelization_grid_0": 7.3909759521484375e-06,
    "pixelization_index_for_sub_slim_index_0": 0.04112672805786133,
    "data_unique_mappings_0": 0.0054950714111328125,
    "data_vector_from_0": 0.013549089431762695,
    "curvature_matrix_diag_0": 0.3448760509490967,
    "curvature_matrix_0": 3.457069396972656e-05,
    "curvature_matrix_1": 2.09808349609375e-05,
    "regularization_matrix_0": 0.012641191482543945,
    "curvature_reg_matrix_0": 0.00042629241943359375,
    "curvature_reg_matrix_cholesky_0": 0.10802435874938965,
    "reconstruction_0": 0.03404521942138672,
    "mapped_reconstructed_data_of_mappers_from_0": 0.013085365295410156,
    "regularization_term_0": 0.001730203628540039,
    "log_det_curvature_reg_matrix_term_0": 0.00033473968505859375,
    "log_det_regularization_matrix_term_0": 0.04584097862243652,
    "figure_of_merit_0": 0.0011639595031738281
}