{
    "traced_grid_list_of_inversion_from_0": 1.4907855987548828,
    "traced_sparse_grid_pg_list_from_0": 0.013584613800048828,
    "relocate_grid_via_border_0": 0.37110447883605957,
    "relocate_pixelization_grid_via_border_from_0": 0.0020728111267089844,
    "make_pixelization_grid_from_0": 8.344650268554688e-06,
    "pixelization_index_for_sub_slim_index_0": 0.04518461227416992,
    "data_unique_mappings_0": 0.005918264389038086,
    "data_vector_from_0": 0.014468908309936523,
    "curvature_matrix_diag_0": 0.3945038318634033,
    "curvature_matrix_0": 2.3126602172851562e-05,
    "curvature_matrix_1": 1.811981201171875e-05,
    "regularization_matrix_0": 0.01339101791381836,
    "curvature_reg_matrix_0": 0.0003845691680908203,
    "curvature_reg_matrix_cholesky_0": 0.15996861457824707,
    "reconstruction_0": 0.03392672538757324,
    "mapped_reconstructed_data_of_mappers_from_0": 0.012539148330688477,
    "regularization_term_0": 0.003919839859008789,
    "log_det_curvature_reg_matrix_term_0": 0.0003132820129394531,
    "log_det_regularization_matrix_term_0": 0.04845428466796875,
    "figure_of_merit_0": 0.0011758804321289062
}