{
    "traced_grid_list_of_inversion_from_0": 0.9389805793762207,
    "traced_sparse_grid_pg_list_from_0": 0.00674128532409668,
    "relocated_grid_from_0": 0.3614358901977539,
    "relocated_pixelization_grid_from_0": 0.002050161361694336,
    "pixelization_grid_from_0": 1.239776611328125e-05,
    "pix_sub_weights_0": 0.04384446144104004,
    "data_unique_mappings_0": 0.007894754409790039,
    "data_vector_from_0": 0.014444589614868164,
    "curvature_matrix_diag_0": 0.3463749885559082,
    "curvature_matrix_0": 2.6941299438476562e-05,
    "curvature_matrix_1": 1.811981201171875e-05,
    "regularization_matrix_0": 0.018832921981811523,
    "curvature_reg_matrix_0": 0.009115219116210938,
    "curvature_reg_matrix_cholesky_0": 0.10895299911499023,
    "reconstruction_0": 0.03571915626525879,
    "mapped_reconstructed_data_dict_from_0": 0.012883186340332031,
    "regularization_term_0": 0.0014171600341796875,
    "log_det_curvature_reg_matrix_term_0": 0.00032711029052734375,
    "log_det_regularization_matrix_term_0": 0.04866671562194824,
    "figure_of_merit_0": 0.0012254714965820312
}