{
    "traced_grid_list_of_inversion_from_0": 1.2916028499603271,
    "traced_sparse_grid_pg_list_from_0": 0.01268148422241211,
    "relocated_grid_from_0": 0.339815616607666,
    "relocated_pixelization_grid_from_0": 0.0018775463104248047,
    "pixelization_grid_from_0": 1.1682510375976562e-05,
    "pix_sub_weights_0": 0.041532039642333984,
    "data_unique_mappings_0": 0.007495880126953125,
    "data_vector_from_0": 0.013605356216430664,
    "curvature_matrix_diag_0": 0.3385655879974365,
    "curvature_matrix_0": 2.4557113647460938e-05,
    "curvature_matrix_1": 1.8596649169921875e-05,
    "regularization_matrix_0": 0.019231081008911133,
    "curvature_reg_matrix_0": 0.008591890335083008,
    "curvature_reg_matrix_cholesky_0": 0.12186121940612793,
    "reconstruction_0": 0.036077022552490234,
    "mapped_reconstructed_data_dict_from_0": 0.01260828971862793,
    "regularization_term_0": 0.0020503997802734375,
    "log_det_curvature_reg_matrix_term_0": 0.00031685829162597656,
    "log_det_regularization_matrix_term_0": 0.047896623611450195,
    "figure_of_merit_0": 0.0011813640594482422
}