{
    "traced_grids_of_inversion_from_0": 0.7132585048675537,
    "traced_sparse_grids_list_of_planes_from_0": 0.005950212478637695,
    "relocate_grid_via_border_0": 0.3723106384277344,
    "relocate_pixelization_grid_via_border_0": 0.0021195411682128906,
    "make_pixelization_grid_0": 9.5367431640625e-06,
    "pixelization_index_for_sub_slim_index_0": 0.045217275619506836,
    "data_unique_mappings_0": 0.006104230880737305,
    "data_vector_from_0": 0.014865636825561523,
    "curvature_matrix_diag_0": 0.4014594554901123,
    "curvature_matrix_0": 6.866455078125e-05,
    "curvature_matrix_1": 5.030632019042969e-05,
    "regularization_matrix_0": 0.013411760330200195,
    "curvature_reg_matrix_0": 0.0005061626434326172,
    "curvature_reg_matrix_cholesky_0": 0.12228202819824219,
    "reconstruction_0": 0.03796815872192383,
    "mapped_reconstructed_data_of_mappers_from_0": 0.012868404388427734,
    "regularization_term_0": 0.001438140869140625,
    "log_det_curvature_reg_matrix_term_0": 0.00036263465881347656,
    "log_det_regularization_matrix_term_0": 0.05173325538635254,
    "figure_of_merit_0": 0.0012712478637695312
}