{
    "traced_grids_of_inversion_from_grid_0": 0.1749112606048584,
    "traced_sparse_grids_of_planes_from_grid_0": 0.0022821426391601562,
    "relocate_grid_via_border_0": 0.3661644458770752,
    "relocate_pixelization_grid_via_border_0": 0.0021767616271972656,
    "make_pixelization_grid_0": 7.62939453125e-06,
    "pixelization_index_for_sub_slim_index_0": 0.04289507865905762,
    "data_unique_mappings_0": 0.005326509475708008,
    "w_tilde_data_0": 0.012976408004760742,
    "data_vector_0": 0.0005717277526855469,
    "curvature_matrix_0": 0.388702392578125,
    "regularization_matrix_0": 0.015224218368530273,
    "curvature_reg_matrix_0": 0.0004336833953857422,
    "curvature_reg_matrix_cholesky_0": 0.1081840991973877,
    "reconstruction_0": 0.04540300369262695,
    "mapped_reconstructed_image_0": 0.012945890426635742,
    "regularization_term_0": 0.0009031295776367188,
    "log_det_curvature_reg_matrix_term_0": 0.00036787986755371094,
    "log_det_regularization_matrix_term_0": 0.06619882583618164,
    "figure_of_merit_0": 0.0013926029205322266
}