{"log_evidence": 76320.25765626153, "total_samples": 187332, "unconverged_sample_size": 1, "time": "3:34:46.093049", "number_live_points": 200}