{
    "traced_grid_list_of_inversion_from_0": 0.9290168285369873,
    "traced_sparse_grid_pg_list_from_0": 0.0067713260650634766,
    "relocated_grid_from_0": 0.17947769165039062,
    "relocated_pixelization_grid_from_0": 0.00090789794921875,
    "pixelization_grid_from_0": 1.1682510375976562e-05,
    "pix_sub_weights_0": 0.029941797256469727,
    "data_unique_mappings_0": 0.006437063217163086,
    "data_vector_from_0": 0.013545036315917969,
    "curvature_matrix_diag_0": 0.2290174961090088,
    "curvature_matrix_0": 2.2172927856445312e-05,
    "curvature_matrix_1": 1.7404556274414062e-05,
    "regularization_matrix_0": 0.019039392471313477,
    "curvature_reg_matrix_0": 0.008630990982055664,
    "curvature_reg_matrix_cholesky_0": 0.10544061660766602,
    "reconstruction_0": 0.034416913986206055,
    "mapped_reconstructed_data_dict_from_0": 0.01294088363647461,
    "regularization_term_0": 0.0013675689697265625,
    "log_det_curvature_reg_matrix_term_0": 0.00032329559326171875,
    "log_det_regularization_matrix_term_0": 0.048874616622924805,
    "figure_of_merit_0": 0.0011911392211914062
}