{
    "traced_grids_of_inversion_from_0": 1.0520458221435547,
    "traced_sparse_grids_list_of_planes_from_0": 0.007424116134643555,
    "relocate_grid_via_border_0": 0.37183237075805664,
    "relocate_pixelization_grid_via_border_0": 0.0020751953125,
    "make_pixelization_grid_0": 1.0013580322265625e-05,
    "pixelization_index_for_sub_slim_index_0": 0.043627262115478516,
    "data_unique_mappings_0": 0.005911350250244141,
    "data_vector_from_0": 0.014774322509765625,
    "curvature_matrix_diag_0": 0.3972756862640381,
    "curvature_matrix_0": 2.4557113647460938e-05,
    "curvature_matrix_1": 1.8835067749023438e-05,
    "regularization_matrix_0": 0.013059616088867188,
    "curvature_reg_matrix_0": 0.0004105567932128906,
    "curvature_reg_matrix_cholesky_0": 0.12308979034423828,
    "reconstruction_0": 0.03966569900512695,
    "mapped_reconstructed_data_of_mappers_from_0": 0.012419462203979492,
    "regularization_term_0": 0.0014119148254394531,
    "log_det_curvature_reg_matrix_term_0": 0.0003223419189453125,
    "log_det_regularization_matrix_term_0": 0.05126309394836426,
    "figure_of_merit_0": 0.0013060569763183594
}