{
    "traced_grids_of_inversion_from_0": 0.6625411510467529,
    "traced_sparse_grids_list_of_planes_from_0": 0.0048542022705078125,
    "relocate_grid_via_border_0": 0.3733978271484375,
    "relocate_pixelization_grid_via_border_0": 0.0021495819091796875,
    "make_pixelization_grid_0": 1.0013580322265625e-05,
    "pixelization_index_for_sub_slim_index_0": 0.04587411880493164,
    "data_unique_mappings_0": 0.006188154220581055,
    "data_vector_from_0": 0.01481771469116211,
    "curvature_matrix_diag_0": 0.398911714553833,
    "curvature_matrix_0": 2.8371810913085938e-05,
    "curvature_matrix_1": 1.7642974853515625e-05,
    "regularization_matrix_0": 0.013365983963012695,
    "curvature_reg_matrix_0": 0.00038313865661621094,
    "curvature_reg_matrix_cholesky_0": 0.12882471084594727,
    "reconstruction_0": 0.038660526275634766,
    "mapped_reconstructed_data_of_mappers_from_0": 0.014570474624633789,
    "regularization_term_0": 0.0018954277038574219,
    "log_det_curvature_reg_matrix_term_0": 0.00034928321838378906,
    "log_det_regularization_matrix_term_0": 0.05157113075256348,
    "figure_of_merit_0": 0.0013086795806884766
}