{
    "traced_grid_list_of_inversion_from_0": 1.444080114364624,
    "traced_sparse_grid_pg_list_from_0": 0.013167858123779297,
    "relocate_grid_via_border_0": 0.36784982681274414,
    "relocate_pixelization_grid_via_border_from_0": 0.0020508766174316406,
    "make_pixelization_grid_from_0": 8.344650268554688e-06,
    "pix_indexes_for_sub_slim_index_0": 0.045127153396606445,
    "pix_weights_for_sub_slim_index_0": 0.0005295276641845703,
    "data_unique_mappings_0": 0.008131027221679688,
    "data_vector_from_0": 0.014900445938110352,
    "curvature_matrix_diag_0": 0.3738522529602051,
    "curvature_matrix_0": 2.3126602172851562e-05,
    "curvature_matrix_1": 1.9073486328125e-05,
    "regularization_matrix_0": 0.01950693130493164,
    "curvature_reg_matrix_0": 0.00038433074951171875,
    "curvature_reg_matrix_cholesky_0": 0.1721632480621338,
    "reconstruction_0": 0.037374258041381836,
    "mapped_reconstructed_data_of_mappers_from_0": 0.012809991836547852,
    "regularization_term_0": 0.004038333892822266,
    "log_det_curvature_reg_matrix_term_0": 0.0003199577331542969,
    "log_det_regularization_matrix_term_0": 0.0500788688659668,
    "figure_of_merit_0": 0.0013082027435302734
}