{
    "traced_grid_list_of_inversion_from_0": 1.5336525440216064,
    "traced_sparse_grid_pg_list_from_0": 0.014665842056274414,
    "relocate_grid_via_border_0": 0.3898162841796875,
    "relocate_pixelization_grid_via_border_from_0": 0.0019605159759521484,
    "make_pixelization_grid_from_0": 9.5367431640625e-06,
    "pix_indexes_for_sub_slim_index_0": 0.046149253845214844,
    "pix_weights_for_sub_slim_index_0": 0.0004200935363769531,
    "data_unique_mappings_0": 0.008877038955688477,
    "data_vector_from_0": 0.016012191772460938,
    "curvature_matrix_diag_0": 0.39586734771728516,
    "curvature_matrix_0": 1.9550323486328125e-05,
    "curvature_matrix_1": 1.6927719116210938e-05,
    "regularization_matrix_0": 0.015476703643798828,
    "curvature_reg_matrix_0": 0.00037217140197753906,
    "curvature_reg_matrix_cholesky_0": 0.14860987663269043,
    "reconstruction_0": 0.025014638900756836,
    "mapped_reconstructed_data_of_mappers_from_0": 0.012899637222290039,
    "regularization_term_0": 0.0030739307403564453,
    "log_det_curvature_reg_matrix_term_0": 0.0003082752227783203,
    "log_det_regularization_matrix_term_0": 0.04299640655517578,
    "figure_of_merit_0": 0.0013954639434814453
}