{
    "traced_grid_list_of_inversion_from_0": 0.564716100692749,
    "traced_sparse_grid_pg_list_from_0": 0.004354953765869141,
    "relocated_grid_from_0": 0.3587682247161865,
    "relocated_pixelization_grid_from_0": 0.001795053482055664,
    "pixelization_grid_from_0": 1.4066696166992188e-05,
    "pix_sub_weights_0": 0.04495382308959961,
    "data_unique_mappings_0": 0.008362293243408203,
    "data_vector_from_0": 0.0149078369140625,
    "curvature_matrix_diag_0": 0.3613615036010742,
    "curvature_matrix_0": 2.4080276489257812e-05,
    "curvature_matrix_1": 1.7881393432617188e-05,
    "regularization_matrix_0": 0.01650714874267578,
    "curvature_reg_matrix_0": 0.006975412368774414,
    "curvature_reg_matrix_cholesky_0": 0.09285593032836914,
    "reconstruction_0": 0.02521228790283203,
    "mapped_reconstructed_data_dict_from_0": 0.013019561767578125,
    "regularization_term_0": 0.0011086463928222656,
    "log_det_curvature_reg_matrix_term_0": 0.0002982616424560547,
    "log_det_regularization_matrix_term_0": 0.042989253997802734,
    "figure_of_merit_0": 0.0013883113861083984
}