{
    "traced_grid_list_of_inversion_from_0": 1.7508807182312012,
    "traced_sparse_grid_pg_list_from_0": 0.01677703857421875,
    "relocate_grid_via_border_0": 0.3639543056488037,
    "relocate_pixelization_grid_via_border_from_0": 0.0020263195037841797,
    "make_pixelization_grid_from_0": 8.106231689453125e-06,
    "pix_indexes_for_sub_slim_index_0": 0.044115543365478516,
    "pix_weights_for_sub_slim_index_0": 0.0004324913024902344,
    "data_unique_mappings_0": 0.00783991813659668,
    "data_vector_from_0": 0.014335155487060547,
    "curvature_matrix_diag_0": 0.3602771759033203,
    "curvature_matrix_0": 2.0265579223632812e-05,
    "curvature_matrix_1": 1.71661376953125e-05,
    "regularization_matrix_0": 0.019210338592529297,
    "curvature_reg_matrix_0": 0.00036525726318359375,
    "curvature_reg_matrix_cholesky_0": 0.159959077835083,
    "reconstruction_0": 0.03621196746826172,
    "mapped_reconstructed_data_of_mappers_from_0": 0.011897087097167969,
    "regularization_term_0": 0.0038361549377441406,
    "log_det_curvature_reg_matrix_term_0": 0.0003218650817871094,
    "log_det_regularization_matrix_term_0": 0.04817390441894531,
    "figure_of_merit_0": 0.0011665821075439453
}