{
    "traced_grid_list_of_inversion_from_0": 1.6563656330108643,
    "traced_sparse_grid_pg_list_from_0": 0.015404939651489258,
    "relocate_grid_via_border_0": 0.44399118423461914,
    "relocate_pixelization_grid_via_border_from_0": 0.0024459362030029297,
    "make_pixelization_grid_from_0": 8.58306884765625e-06,
    "pix_indexes_for_sub_slim_index_0": 0.05184125900268555,
    "pix_weights_for_sub_slim_index_0": 0.00045013427734375,
    "data_unique_mappings_0": 0.00923609733581543,
    "data_vector_from_0": 0.016597509384155273,
    "curvature_matrix_diag_0": 0.46602559089660645,
    "curvature_matrix_0": 2.002716064453125e-05,
    "curvature_matrix_1": 1.7642974853515625e-05,
    "regularization_matrix_0": 0.021330595016479492,
    "curvature_reg_matrix_0": 0.0004208087921142578,
    "curvature_reg_matrix_cholesky_0": 0.21045827865600586,
    "reconstruction_0": 0.041632652282714844,
    "mapped_reconstructed_data_of_mappers_from_0": 0.012994766235351562,
    "regularization_term_0": 0.004042625427246094,
    "log_det_curvature_reg_matrix_term_0": 0.0003502368927001953,
    "log_det_regularization_matrix_term_0": 0.056157588958740234,
    "figure_of_merit_0": 0.0014519691467285156
}