{
    "traced_grids_of_inversion_from_0": 0.7470333576202393,
    "traced_sparse_grids_list_of_planes_from_0": 0.005877494812011719,
    "relocate_grid_via_border_0": 0.3771994113922119,
    "relocate_pixelization_grid_via_border_0": 0.002083301544189453,
    "make_pixelization_grid_0": 1.0728836059570312e-05,
    "pixelization_index_for_sub_slim_index_0": 0.044249534606933594,
    "data_unique_mappings_0": 0.006315469741821289,
    "data_vector_from_0": 0.014893054962158203,
    "curvature_matrix_diag_0": 0.3786752223968506,
    "curvature_matrix_0": 0.0001380443572998047,
    "curvature_matrix_1": 0.0006084442138671875,
    "regularization_matrix_0": 0.01559901237487793,
    "curvature_reg_matrix_0": 0.0006303787231445312,
    "curvature_reg_matrix_cholesky_0": 0.12786555290222168,
    "reconstruction_0": 0.04229092597961426,
    "mapped_reconstructed_data_of_mappers_from_0": 0.01463460922241211,
    "regularization_term_0": 0.002016782760620117,
    "log_det_curvature_reg_matrix_term_0": 0.0004658699035644531,
    "log_det_regularization_matrix_term_0": 0.053351402282714844,
    "figure_of_merit_0": 0.0013072490692138672
}