{
    "traced_grids_of_inversion_from_grid_0": 0.17978787422180176,
    "traced_sparse_grids_of_planes_from_grid_0": 0.0023505687713623047,
    "relocate_grid_via_border_0": 0.3544735908508301,
    "relocate_pixelization_grid_via_border_0": 0.0021409988403320312,
    "make_pixelization_grid_0": 1.3113021850585938e-05,
    "pixelization_index_for_sub_slim_index_0": 0.04345297813415527,
    "data_unique_mappings_0": 0.005246877670288086,
    "w_tilde_data_0": 0.013293266296386719,
    "data_vector_0": 0.0005338191986083984,
    "curvature_matrix_0": 0.35025882720947266,
    "regularization_matrix_0": 0.01428985595703125,
    "curvature_reg_matrix_0": 0.0004000663757324219,
    "curvature_reg_matrix_cholesky_0": 0.08600211143493652,
    "reconstruction_0": 0.03915882110595703,
    "mapped_reconstructed_image_0": 0.012523412704467773,
    "regularization_term_0": 0.00087738037109375,
    "log_det_curvature_reg_matrix_term_0": 0.0003533363342285156,
    "log_det_regularization_matrix_term_0": 0.06296014785766602,
    "figure_of_merit_0": 0.0013890266418457031
}