{
    "traced_grids_of_inversion_from_0": 1.167546033859253,
    "traced_sparse_grids_list_of_planes_from_0": 0.008234500885009766,
    "relocate_grid_via_border_0": 0.38161444664001465,
    "relocate_pixelization_grid_via_border_0": 0.0020983219146728516,
    "make_pixelization_grid_0": 8.821487426757812e-06,
    "pixelization_index_for_sub_slim_index_0": 0.04521608352661133,
    "data_unique_mappings_0": 0.00593876838684082,
    "data_vector_from_0": 0.01456904411315918,
    "curvature_matrix_diag_0": 0.39513707160949707,
    "curvature_matrix_0": 2.3126602172851562e-05,
    "curvature_matrix_1": 1.6927719116210938e-05,
    "regularization_matrix_0": 0.012980937957763672,
    "curvature_reg_matrix_0": 0.0004031658172607422,
    "curvature_reg_matrix_cholesky_0": 0.12048888206481934,
    "reconstruction_0": 0.03830265998840332,
    "mapped_reconstructed_data_of_mappers_from_0": 0.013056516647338867,
    "regularization_term_0": 0.0014042854309082031,
    "log_det_curvature_reg_matrix_term_0": 0.0003285408020019531,
    "log_det_regularization_matrix_term_0": 0.05135655403137207,
    "figure_of_merit_0": 0.0012860298156738281
}