{
    "traced_grids_of_inversion_from_grid_0": 1.3929803371429443,
    "traced_sparse_grids_of_planes_from_grid_0": 0.009144783020019531,
    "relocate_grid_via_border_0": 0.42696380615234375,
    "relocate_pixelization_grid_via_border_0": 0.0023589134216308594,
    "make_pixelization_grid_0": 9.298324584960938e-06,
    "pixelization_index_for_sub_slim_index_0": 0.05013680458068848,
    "data_unique_mappings_0": 0.0069386959075927734,
    "w_tilde_data_0": 0.01551508903503418,
    "data_vector_0": 0.0009236335754394531,
    "curvature_matrix_0": 0.4507577419281006,
    "regularization_matrix_0": 0.013235330581665039,
    "curvature_reg_matrix_0": 0.00042629241943359375,
    "curvature_reg_matrix_cholesky_0": 0.2098379135131836,
    "reconstruction_0": 0.03872561454772949,
    "mapped_reconstructed_image_0": 0.013300895690917969,
    "regularization_term_0": 0.0042688846588134766,
    "log_det_curvature_reg_matrix_term_0": 0.0004146099090576172,
    "log_det_regularization_matrix_term_0": 0.05486464500427246,
    "figure_of_merit_0": 0.001398324966430664
}