{
    "traced_grid_list_of_inversion_from_0": 1.510676383972168,
    "traced_sparse_grid_pg_list_from_0": 0.014564990997314453,
    "relocate_grid_via_border_0": 0.3844156265258789,
    "relocate_pixelization_grid_via_border_from_0": 0.0019457340240478516,
    "make_pixelization_grid_from_0": 8.106231689453125e-06,
    "pix_indexes_for_sub_slim_index_0": 0.045180320739746094,
    "pix_weights_for_sub_slim_index_0": 0.0004639625549316406,
    "data_unique_mappings_0": 0.008450984954833984,
    "data_vector_from_0": 0.01570296287536621,
    "curvature_matrix_diag_0": 0.36132216453552246,
    "curvature_matrix_0": 1.8358230590820312e-05,
    "curvature_matrix_1": 1.8358230590820312e-05,
    "regularization_matrix_0": 0.0166013240814209,
    "curvature_reg_matrix_0": 0.00035190582275390625,
    "curvature_reg_matrix_cholesky_0": 0.14438509941101074,
    "reconstruction_0": 0.023945093154907227,
    "mapped_reconstructed_data_of_mappers_from_0": 0.01273345947265625,
    "regularization_term_0": 0.002957582473754883,
    "log_det_curvature_reg_matrix_term_0": 0.0002925395965576172,
    "log_det_regularization_matrix_term_0": 0.04299736022949219,
    "figure_of_merit_0": 0.0013704299926757812
}