{
    "traced_grids_of_inversion_from_grid_0": 1.380016565322876,
    "traced_sparse_grids_of_planes_from_grid_0": 0.008541107177734375,
    "relocate_grid_via_border_0": 0.4122190475463867,
    "relocate_pixelization_grid_via_border_0": 0.0020623207092285156,
    "make_pixelization_grid_0": 1.049041748046875e-05,
    "pixelization_index_for_sub_slim_index_0": 0.0470423698425293,
    "data_unique_mappings_0": 0.00732421875,
    "w_tilde_data_0": 0.015935182571411133,
    "data_vector_0": 0.0008285045623779297,
    "curvature_matrix_0": 0.4361107349395752,
    "regularization_matrix_0": 0.011746644973754883,
    "curvature_reg_matrix_0": 0.0007469654083251953,
    "curvature_reg_matrix_cholesky_0": 0.16371822357177734,
    "reconstruction_0": 0.02631998062133789,
    "mapped_reconstructed_image_0": 0.01364445686340332,
    "regularization_term_0": 0.003298521041870117,
    "log_det_curvature_reg_matrix_term_0": 0.0003693103790283203,
    "log_det_regularization_matrix_term_0": 0.044844865798950195,
    "figure_of_merit_0": 0.0014917850494384766
}