{
    "sparse_image_plane_grids_of_planes_from_grid_0": 5.472121715545654,
    "relocate_grid_via_border_0": 3.814697265625e-06,
    "relocate_pixelization_grid_via_border_0": 0.002428293228149414,
    "make_pixelization_grid_0": 9.298324584960938e-06,
    "pixelization_index_for_sub_slim_index_0": 0.04986906051635742,
    "data_unique_mappings_0": 0.006150007247924805,
    "w_tilde_data_0": 0.015783071517944336,
    "data_vector_0": 0.0006124973297119141,
    "curvature_matrix_0": 0.40076494216918945,
    "regularization_matrix_0": 0.01305079460144043,
    "curvature_reg_matrix_0": 0.0004184246063232422,
    "curvature_reg_matrix_cholesky_0": 0.0741879940032959,
    "reconstruction_0": 0.03573870658874512,
    "mapped_reconstructed_image_0": 0.013506650924682617,
    "regularization_term_0": 0.00078582763671875,
    "log_det_curvature_reg_matrix_term_0": 0.00033354759216308594,
    "log_det_regularization_matrix_term_0": 0.06613492965698242,
    "figure_of_merit_0": 0.0017290115356445312
}