{
    "sparse_image_plane_grids_of_planes_from_grid_0": 0.012160301208496094,
    "relocate_grid_via_border_0": 2.384185791015625e-06,
    "relocate_pixelization_grid_via_border_0": 0.001203775405883789,
    "make_pixelization_grid_0": 8.106231689453125e-06,
    "pixelization_index_for_sub_slim_index_0": 0.40723323822021484,
    "data_unique_mappings_0": 0.004736900329589844,
    "w_tilde_data_0": 0.012884378433227539,
    "data_vector_0": 0.0005044937133789062,
    "curvature_matrix_0": 0.2387540340423584,
    "regularization_matrix_0": 0.005144596099853516,
    "curvature_reg_matrix_0": 0.00016832351684570312,
    "curvature_reg_matrix_cholesky_0": 0.029465675354003906,
    "reconstruction_0": 0.009723901748657227,
    "mapped_reconstructed_image_0": 0.012577295303344727,
    "regularization_term_0": 0.0003561973571777344,
    "log_det_curvature_reg_matrix_term_0": 0.00019598007202148438,
    "log_det_regularization_matrix_term_0": 0.024198055267333984,
    "figure_of_merit_0": 0.0013532638549804688
}